Emotion,Path
neutral,dataset/audio_speech_actors_01-24/Actor_01/03-01-01-01-01-01-01.wav
neutral,dataset/audio_speech_actors_01-24/Actor_01/03-01-01-01-01-02-01.wav
neutral,dataset/audio_speech_actors_01-24/Actor_01/03-01-01-01-02-01-01.wav
neutral,dataset/audio_speech_actors_01-24/Actor_01/03-01-01-01-02-02-01.wav
neutral,dataset/audio_speech_actors_01-24/Actor_01/03-01-02-01-01-01-01.wav
neutral,dataset/audio_speech_actors_01-24/Actor_01/03-01-02-01-01-02-01.wav
neutral,dataset/audio_speech_actors_01-24/Actor_01/03-01-02-01-02-01-01.wav
neutral,dataset/audio_speech_actors_01-24/Actor_01/03-01-02-01-02-02-01.wav
neutral,dataset/audio_speech_actors_01-24/Actor_01/03-01-02-02-01-01-01.wav
neutral,dataset/audio_speech_actors_01-24/Actor_01/03-01-02-02-01-02-01.wav
neutral,dataset/audio_speech_actors_01-24/Actor_01/03-01-02-02-02-01-01.wav
neutral,dataset/audio_speech_actors_01-24/Actor_01/03-01-02-02-02-02-01.wav
happy,dataset/audio_speech_actors_01-24/Actor_01/03-01-03-01-01-01-01.wav
happy,dataset/audio_speech_actors_01-24/Actor_01/03-01-03-01-01-02-01.wav
happy,dataset/audio_speech_actors_01-24/Actor_01/03-01-03-01-02-01-01.wav
happy,dataset/audio_speech_actors_01-24/Actor_01/03-01-03-01-02-02-01.wav
happy,dataset/audio_speech_actors_01-24/Actor_01/03-01-03-02-01-01-01.wav
happy,dataset/audio_speech_actors_01-24/Actor_01/03-01-03-02-01-02-01.wav
happy,dataset/audio_speech_actors_01-24/Actor_01/03-01-03-02-02-01-01.wav
happy,dataset/audio_speech_actors_01-24/Actor_01/03-01-03-02-02-02-01.wav
sad,dataset/audio_speech_actors_01-24/Actor_01/03-01-04-01-01-01-01.wav
sad,dataset/audio_speech_actors_01-24/Actor_01/03-01-04-01-01-02-01.wav
sad,dataset/audio_speech_actors_01-24/Actor_01/03-01-04-01-02-01-01.wav
sad,dataset/audio_speech_actors_01-24/Actor_01/03-01-04-01-02-02-01.wav
sad,dataset/audio_speech_actors_01-24/Actor_01/03-01-04-02-01-01-01.wav
sad,dataset/audio_speech_actors_01-24/Actor_01/03-01-04-02-01-02-01.wav
sad,dataset/audio_speech_actors_01-24/Actor_01/03-01-04-02-02-01-01.wav
sad,dataset/audio_speech_actors_01-24/Actor_01/03-01-04-02-02-02-01.wav
angry,dataset/audio_speech_actors_01-24/Actor_01/03-01-05-01-01-01-01.wav
angry,dataset/audio_speech_actors_01-24/Actor_01/03-01-05-01-01-02-01.wav
angry,dataset/audio_speech_actors_01-24/Actor_01/03-01-05-01-02-01-01.wav
angry,dataset/audio_speech_actors_01-24/Actor_01/03-01-05-01-02-02-01.wav
angry,dataset/audio_speech_actors_01-24/Actor_01/03-01-05-02-01-01-01.wav
angry,dataset/audio_speech_actors_01-24/Actor_01/03-01-05-02-01-02-01.wav
angry,dataset/audio_speech_actors_01-24/Actor_01/03-01-05-02-02-01-01.wav
angry,dataset/audio_speech_actors_01-24/Actor_01/03-01-05-02-02-02-01.wav
surprise,dataset/audio_speech_actors_01-24/Actor_01/03-01-08-01-01-01-01.wav
surprise,dataset/audio_speech_actors_01-24/Actor_01/03-01-08-01-01-02-01.wav
surprise,dataset/audio_speech_actors_01-24/Actor_01/03-01-08-01-02-01-01.wav
surprise,dataset/audio_speech_actors_01-24/Actor_01/03-01-08-01-02-02-01.wav
surprise,dataset/audio_speech_actors_01-24/Actor_01/03-01-08-02-01-01-01.wav
surprise,dataset/audio_speech_actors_01-24/Actor_01/03-01-08-02-01-02-01.wav
surprise,dataset/audio_speech_actors_01-24/Actor_01/03-01-08-02-02-01-01.wav
surprise,dataset/audio_speech_actors_01-24/Actor_01/03-01-08-02-02-02-01.wav
neutral,dataset/audio_speech_actors_01-24/Actor_02/03-01-01-01-01-01-02.wav
neutral,dataset/audio_speech_actors_01-24/Actor_02/03-01-01-01-01-02-02.wav
neutral,dataset/audio_speech_actors_01-24/Actor_02/03-01-01-01-02-01-02.wav
neutral,dataset/audio_speech_actors_01-24/Actor_02/03-01-01-01-02-02-02.wav
neutral,dataset/audio_speech_actors_01-24/Actor_02/03-01-02-01-01-01-02.wav
neutral,dataset/audio_speech_actors_01-24/Actor_02/03-01-02-01-01-02-02.wav
neutral,dataset/audio_speech_actors_01-24/Actor_02/03-01-02-01-02-01-02.wav
neutral,dataset/audio_speech_actors_01-24/Actor_02/03-01-02-01-02-02-02.wav
neutral,dataset/audio_speech_actors_01-24/Actor_02/03-01-02-02-01-01-02.wav
neutral,dataset/audio_speech_actors_01-24/Actor_02/03-01-02-02-01-02-02.wav
neutral,dataset/audio_speech_actors_01-24/Actor_02/03-01-02-02-02-01-02.wav
neutral,dataset/audio_speech_actors_01-24/Actor_02/03-01-02-02-02-02-02.wav
happy,dataset/audio_speech_actors_01-24/Actor_02/03-01-03-01-01-01-02.wav
happy,dataset/audio_speech_actors_01-24/Actor_02/03-01-03-01-01-02-02.wav
happy,dataset/audio_speech_actors_01-24/Actor_02/03-01-03-01-02-01-02.wav
happy,dataset/audio_speech_actors_01-24/Actor_02/03-01-03-01-02-02-02.wav
happy,dataset/audio_speech_actors_01-24/Actor_02/03-01-03-02-01-01-02.wav
happy,dataset/audio_speech_actors_01-24/Actor_02/03-01-03-02-01-02-02.wav
happy,dataset/audio_speech_actors_01-24/Actor_02/03-01-03-02-02-01-02.wav
happy,dataset/audio_speech_actors_01-24/Actor_02/03-01-03-02-02-02-02.wav
sad,dataset/audio_speech_actors_01-24/Actor_02/03-01-04-01-01-01-02.wav
sad,dataset/audio_speech_actors_01-24/Actor_02/03-01-04-01-01-02-02.wav
sad,dataset/audio_speech_actors_01-24/Actor_02/03-01-04-01-02-01-02.wav
sad,dataset/audio_speech_actors_01-24/Actor_02/03-01-04-01-02-02-02.wav
sad,dataset/audio_speech_actors_01-24/Actor_02/03-01-04-02-01-01-02.wav
sad,dataset/audio_speech_actors_01-24/Actor_02/03-01-04-02-01-02-02.wav
sad,dataset/audio_speech_actors_01-24/Actor_02/03-01-04-02-02-01-02.wav
sad,dataset/audio_speech_actors_01-24/Actor_02/03-01-04-02-02-02-02.wav
angry,dataset/audio_speech_actors_01-24/Actor_02/03-01-05-01-01-01-02.wav
angry,dataset/audio_speech_actors_01-24/Actor_02/03-01-05-01-01-02-02.wav
angry,dataset/audio_speech_actors_01-24/Actor_02/03-01-05-01-02-01-02.wav
angry,dataset/audio_speech_actors_01-24/Actor_02/03-01-05-01-02-02-02.wav
angry,dataset/audio_speech_actors_01-24/Actor_02/03-01-05-02-01-01-02.wav
angry,dataset/audio_speech_actors_01-24/Actor_02/03-01-05-02-01-02-02.wav
angry,dataset/audio_speech_actors_01-24/Actor_02/03-01-05-02-02-01-02.wav
angry,dataset/audio_speech_actors_01-24/Actor_02/03-01-05-02-02-02-02.wav
surprise,dataset/audio_speech_actors_01-24/Actor_02/03-01-08-01-01-01-02.wav
surprise,dataset/audio_speech_actors_01-24/Actor_02/03-01-08-01-01-02-02.wav
surprise,dataset/audio_speech_actors_01-24/Actor_02/03-01-08-01-02-01-02.wav
surprise,dataset/audio_speech_actors_01-24/Actor_02/03-01-08-01-02-02-02.wav
surprise,dataset/audio_speech_actors_01-24/Actor_02/03-01-08-02-01-01-02.wav
surprise,dataset/audio_speech_actors_01-24/Actor_02/03-01-08-02-01-02-02.wav
surprise,dataset/audio_speech_actors_01-24/Actor_02/03-01-08-02-02-01-02.wav
surprise,dataset/audio_speech_actors_01-24/Actor_02/03-01-08-02-02-02-02.wav
neutral,dataset/audio_speech_actors_01-24/Actor_03/03-01-01-01-01-01-03.wav
neutral,dataset/audio_speech_actors_01-24/Actor_03/03-01-01-01-01-02-03.wav
neutral,dataset/audio_speech_actors_01-24/Actor_03/03-01-01-01-02-01-03.wav
neutral,dataset/audio_speech_actors_01-24/Actor_03/03-01-01-01-02-02-03.wav
neutral,dataset/audio_speech_actors_01-24/Actor_03/03-01-02-01-01-01-03.wav
neutral,dataset/audio_speech_actors_01-24/Actor_03/03-01-02-01-01-02-03.wav
neutral,dataset/audio_speech_actors_01-24/Actor_03/03-01-02-01-02-01-03.wav
neutral,dataset/audio_speech_actors_01-24/Actor_03/03-01-02-01-02-02-03.wav
neutral,dataset/audio_speech_actors_01-24/Actor_03/03-01-02-02-01-01-03.wav
neutral,dataset/audio_speech_actors_01-24/Actor_03/03-01-02-02-01-02-03.wav
neutral,dataset/audio_speech_actors_01-24/Actor_03/03-01-02-02-02-01-03.wav
neutral,dataset/audio_speech_actors_01-24/Actor_03/03-01-02-02-02-02-03.wav
happy,dataset/audio_speech_actors_01-24/Actor_03/03-01-03-01-01-01-03.wav
happy,dataset/audio_speech_actors_01-24/Actor_03/03-01-03-01-01-02-03.wav
happy,dataset/audio_speech_actors_01-24/Actor_03/03-01-03-01-02-01-03.wav
happy,dataset/audio_speech_actors_01-24/Actor_03/03-01-03-01-02-02-03.wav
happy,dataset/audio_speech_actors_01-24/Actor_03/03-01-03-02-01-01-03.wav
happy,dataset/audio_speech_actors_01-24/Actor_03/03-01-03-02-01-02-03.wav
happy,dataset/audio_speech_actors_01-24/Actor_03/03-01-03-02-02-01-03.wav
happy,dataset/audio_speech_actors_01-24/Actor_03/03-01-03-02-02-02-03.wav
sad,dataset/audio_speech_actors_01-24/Actor_03/03-01-04-01-01-01-03.wav
sad,dataset/audio_speech_actors_01-24/Actor_03/03-01-04-01-01-02-03.wav
sad,dataset/audio_speech_actors_01-24/Actor_03/03-01-04-01-02-01-03.wav
sad,dataset/audio_speech_actors_01-24/Actor_03/03-01-04-01-02-02-03.wav
sad,dataset/audio_speech_actors_01-24/Actor_03/03-01-04-02-01-01-03.wav
sad,dataset/audio_speech_actors_01-24/Actor_03/03-01-04-02-01-02-03.wav
sad,dataset/audio_speech_actors_01-24/Actor_03/03-01-04-02-02-01-03.wav
sad,dataset/audio_speech_actors_01-24/Actor_03/03-01-04-02-02-02-03.wav
angry,dataset/audio_speech_actors_01-24/Actor_03/03-01-05-01-01-01-03.wav
angry,dataset/audio_speech_actors_01-24/Actor_03/03-01-05-01-01-02-03.wav
angry,dataset/audio_speech_actors_01-24/Actor_03/03-01-05-01-02-01-03.wav
angry,dataset/audio_speech_actors_01-24/Actor_03/03-01-05-01-02-02-03.wav
angry,dataset/audio_speech_actors_01-24/Actor_03/03-01-05-02-01-01-03.wav
angry,dataset/audio_speech_actors_01-24/Actor_03/03-01-05-02-01-02-03.wav
angry,dataset/audio_speech_actors_01-24/Actor_03/03-01-05-02-02-01-03.wav
angry,dataset/audio_speech_actors_01-24/Actor_03/03-01-05-02-02-02-03.wav
surprise,dataset/audio_speech_actors_01-24/Actor_03/03-01-08-01-01-01-03.wav
surprise,dataset/audio_speech_actors_01-24/Actor_03/03-01-08-01-01-02-03.wav
surprise,dataset/audio_speech_actors_01-24/Actor_03/03-01-08-01-02-01-03.wav
surprise,dataset/audio_speech_actors_01-24/Actor_03/03-01-08-01-02-02-03.wav
surprise,dataset/audio_speech_actors_01-24/Actor_03/03-01-08-02-01-01-03.wav
surprise,dataset/audio_speech_actors_01-24/Actor_03/03-01-08-02-01-02-03.wav
surprise,dataset/audio_speech_actors_01-24/Actor_03/03-01-08-02-02-01-03.wav
surprise,dataset/audio_speech_actors_01-24/Actor_03/03-01-08-02-02-02-03.wav
neutral,dataset/audio_speech_actors_01-24/Actor_04/03-01-01-01-01-01-04.wav
neutral,dataset/audio_speech_actors_01-24/Actor_04/03-01-01-01-01-02-04.wav
neutral,dataset/audio_speech_actors_01-24/Actor_04/03-01-01-01-02-01-04.wav
neutral,dataset/audio_speech_actors_01-24/Actor_04/03-01-01-01-02-02-04.wav
neutral,dataset/audio_speech_actors_01-24/Actor_04/03-01-02-01-01-01-04.wav
neutral,dataset/audio_speech_actors_01-24/Actor_04/03-01-02-01-01-02-04.wav
neutral,dataset/audio_speech_actors_01-24/Actor_04/03-01-02-01-02-01-04.wav
neutral,dataset/audio_speech_actors_01-24/Actor_04/03-01-02-01-02-02-04.wav
neutral,dataset/audio_speech_actors_01-24/Actor_04/03-01-02-02-01-01-04.wav
neutral,dataset/audio_speech_actors_01-24/Actor_04/03-01-02-02-01-02-04.wav
neutral,dataset/audio_speech_actors_01-24/Actor_04/03-01-02-02-02-01-04.wav
neutral,dataset/audio_speech_actors_01-24/Actor_04/03-01-02-02-02-02-04.wav
happy,dataset/audio_speech_actors_01-24/Actor_04/03-01-03-01-01-01-04.wav
happy,dataset/audio_speech_actors_01-24/Actor_04/03-01-03-01-01-02-04.wav
happy,dataset/audio_speech_actors_01-24/Actor_04/03-01-03-01-02-01-04.wav
happy,dataset/audio_speech_actors_01-24/Actor_04/03-01-03-01-02-02-04.wav
happy,dataset/audio_speech_actors_01-24/Actor_04/03-01-03-02-01-01-04.wav
happy,dataset/audio_speech_actors_01-24/Actor_04/03-01-03-02-01-02-04.wav
happy,dataset/audio_speech_actors_01-24/Actor_04/03-01-03-02-02-01-04.wav
happy,dataset/audio_speech_actors_01-24/Actor_04/03-01-03-02-02-02-04.wav
sad,dataset/audio_speech_actors_01-24/Actor_04/03-01-04-01-01-01-04.wav
sad,dataset/audio_speech_actors_01-24/Actor_04/03-01-04-01-01-02-04.wav
sad,dataset/audio_speech_actors_01-24/Actor_04/03-01-04-01-02-01-04.wav
sad,dataset/audio_speech_actors_01-24/Actor_04/03-01-04-01-02-02-04.wav
sad,dataset/audio_speech_actors_01-24/Actor_04/03-01-04-02-01-01-04.wav
sad,dataset/audio_speech_actors_01-24/Actor_04/03-01-04-02-01-02-04.wav
sad,dataset/audio_speech_actors_01-24/Actor_04/03-01-04-02-02-01-04.wav
sad,dataset/audio_speech_actors_01-24/Actor_04/03-01-04-02-02-02-04.wav
angry,dataset/audio_speech_actors_01-24/Actor_04/03-01-05-01-01-01-04.wav
angry,dataset/audio_speech_actors_01-24/Actor_04/03-01-05-01-01-02-04.wav
angry,dataset/audio_speech_actors_01-24/Actor_04/03-01-05-01-02-01-04.wav
angry,dataset/audio_speech_actors_01-24/Actor_04/03-01-05-01-02-02-04.wav
angry,dataset/audio_speech_actors_01-24/Actor_04/03-01-05-02-01-01-04.wav
angry,dataset/audio_speech_actors_01-24/Actor_04/03-01-05-02-01-02-04.wav
angry,dataset/audio_speech_actors_01-24/Actor_04/03-01-05-02-02-01-04.wav
angry,dataset/audio_speech_actors_01-24/Actor_04/03-01-05-02-02-02-04.wav
surprise,dataset/audio_speech_actors_01-24/Actor_04/03-01-08-01-01-01-04.wav
surprise,dataset/audio_speech_actors_01-24/Actor_04/03-01-08-01-01-02-04.wav
surprise,dataset/audio_speech_actors_01-24/Actor_04/03-01-08-01-02-01-04.wav
surprise,dataset/audio_speech_actors_01-24/Actor_04/03-01-08-01-02-02-04.wav
surprise,dataset/audio_speech_actors_01-24/Actor_04/03-01-08-02-01-01-04.wav
surprise,dataset/audio_speech_actors_01-24/Actor_04/03-01-08-02-01-02-04.wav
surprise,dataset/audio_speech_actors_01-24/Actor_04/03-01-08-02-02-01-04.wav
surprise,dataset/audio_speech_actors_01-24/Actor_04/03-01-08-02-02-02-04.wav
neutral,dataset/audio_speech_actors_01-24/Actor_05/03-01-01-01-01-01-05.wav
neutral,dataset/audio_speech_actors_01-24/Actor_05/03-01-01-01-01-02-05.wav
neutral,dataset/audio_speech_actors_01-24/Actor_05/03-01-01-01-02-01-05.wav
neutral,dataset/audio_speech_actors_01-24/Actor_05/03-01-01-01-02-02-05.wav
neutral,dataset/audio_speech_actors_01-24/Actor_05/03-01-02-01-01-01-05.wav
neutral,dataset/audio_speech_actors_01-24/Actor_05/03-01-02-01-01-02-05.wav
neutral,dataset/audio_speech_actors_01-24/Actor_05/03-01-02-01-02-01-05.wav
neutral,dataset/audio_speech_actors_01-24/Actor_05/03-01-02-01-02-02-05.wav
neutral,dataset/audio_speech_actors_01-24/Actor_05/03-01-02-02-01-01-05.wav
neutral,dataset/audio_speech_actors_01-24/Actor_05/03-01-02-02-01-02-05.wav
neutral,dataset/audio_speech_actors_01-24/Actor_05/03-01-02-02-02-01-05.wav
neutral,dataset/audio_speech_actors_01-24/Actor_05/03-01-02-02-02-02-05.wav
happy,dataset/audio_speech_actors_01-24/Actor_05/03-01-03-01-01-01-05.wav
happy,dataset/audio_speech_actors_01-24/Actor_05/03-01-03-01-01-02-05.wav
happy,dataset/audio_speech_actors_01-24/Actor_05/03-01-03-01-02-01-05.wav
happy,dataset/audio_speech_actors_01-24/Actor_05/03-01-03-01-02-02-05.wav
happy,dataset/audio_speech_actors_01-24/Actor_05/03-01-03-02-01-01-05.wav
happy,dataset/audio_speech_actors_01-24/Actor_05/03-01-03-02-01-02-05.wav
happy,dataset/audio_speech_actors_01-24/Actor_05/03-01-03-02-02-01-05.wav
happy,dataset/audio_speech_actors_01-24/Actor_05/03-01-03-02-02-02-05.wav
sad,dataset/audio_speech_actors_01-24/Actor_05/03-01-04-01-01-01-05.wav
sad,dataset/audio_speech_actors_01-24/Actor_05/03-01-04-01-01-02-05.wav
sad,dataset/audio_speech_actors_01-24/Actor_05/03-01-04-01-02-01-05.wav
sad,dataset/audio_speech_actors_01-24/Actor_05/03-01-04-01-02-02-05.wav
sad,dataset/audio_speech_actors_01-24/Actor_05/03-01-04-02-01-01-05.wav
sad,dataset/audio_speech_actors_01-24/Actor_05/03-01-04-02-01-02-05.wav
sad,dataset/audio_speech_actors_01-24/Actor_05/03-01-04-02-02-01-05.wav
sad,dataset/audio_speech_actors_01-24/Actor_05/03-01-04-02-02-02-05.wav
angry,dataset/audio_speech_actors_01-24/Actor_05/03-01-05-01-01-01-05.wav
angry,dataset/audio_speech_actors_01-24/Actor_05/03-01-05-01-01-02-05.wav
angry,dataset/audio_speech_actors_01-24/Actor_05/03-01-05-01-02-01-05.wav
angry,dataset/audio_speech_actors_01-24/Actor_05/03-01-05-01-02-02-05.wav
angry,dataset/audio_speech_actors_01-24/Actor_05/03-01-05-02-01-01-05.wav
angry,dataset/audio_speech_actors_01-24/Actor_05/03-01-05-02-01-02-05.wav
angry,dataset/audio_speech_actors_01-24/Actor_05/03-01-05-02-02-01-05.wav
angry,dataset/audio_speech_actors_01-24/Actor_05/03-01-05-02-02-02-05.wav
surprise,dataset/audio_speech_actors_01-24/Actor_05/03-01-08-01-01-01-05.wav
surprise,dataset/audio_speech_actors_01-24/Actor_05/03-01-08-01-01-02-05.wav
surprise,dataset/audio_speech_actors_01-24/Actor_05/03-01-08-01-02-01-05.wav
surprise,dataset/audio_speech_actors_01-24/Actor_05/03-01-08-01-02-02-05.wav
surprise,dataset/audio_speech_actors_01-24/Actor_05/03-01-08-02-01-01-05.wav
surprise,dataset/audio_speech_actors_01-24/Actor_05/03-01-08-02-01-02-05.wav
surprise,dataset/audio_speech_actors_01-24/Actor_05/03-01-08-02-02-01-05.wav
surprise,dataset/audio_speech_actors_01-24/Actor_05/03-01-08-02-02-02-05.wav
neutral,dataset/audio_speech_actors_01-24/Actor_06/03-01-01-01-01-01-06.wav
neutral,dataset/audio_speech_actors_01-24/Actor_06/03-01-01-01-01-02-06.wav
neutral,dataset/audio_speech_actors_01-24/Actor_06/03-01-01-01-02-01-06.wav
neutral,dataset/audio_speech_actors_01-24/Actor_06/03-01-01-01-02-02-06.wav
neutral,dataset/audio_speech_actors_01-24/Actor_06/03-01-02-01-01-01-06.wav
neutral,dataset/audio_speech_actors_01-24/Actor_06/03-01-02-01-01-02-06.wav
neutral,dataset/audio_speech_actors_01-24/Actor_06/03-01-02-01-02-01-06.wav
neutral,dataset/audio_speech_actors_01-24/Actor_06/03-01-02-01-02-02-06.wav
neutral,dataset/audio_speech_actors_01-24/Actor_06/03-01-02-02-01-01-06.wav
neutral,dataset/audio_speech_actors_01-24/Actor_06/03-01-02-02-01-02-06.wav
neutral,dataset/audio_speech_actors_01-24/Actor_06/03-01-02-02-02-01-06.wav
neutral,dataset/audio_speech_actors_01-24/Actor_06/03-01-02-02-02-02-06.wav
happy,dataset/audio_speech_actors_01-24/Actor_06/03-01-03-01-01-01-06.wav
happy,dataset/audio_speech_actors_01-24/Actor_06/03-01-03-01-01-02-06.wav
happy,dataset/audio_speech_actors_01-24/Actor_06/03-01-03-01-02-01-06.wav
happy,dataset/audio_speech_actors_01-24/Actor_06/03-01-03-01-02-02-06.wav
happy,dataset/audio_speech_actors_01-24/Actor_06/03-01-03-02-01-01-06.wav
happy,dataset/audio_speech_actors_01-24/Actor_06/03-01-03-02-01-02-06.wav
happy,dataset/audio_speech_actors_01-24/Actor_06/03-01-03-02-02-01-06.wav
happy,dataset/audio_speech_actors_01-24/Actor_06/03-01-03-02-02-02-06.wav
sad,dataset/audio_speech_actors_01-24/Actor_06/03-01-04-01-01-01-06.wav
sad,dataset/audio_speech_actors_01-24/Actor_06/03-01-04-01-01-02-06.wav
sad,dataset/audio_speech_actors_01-24/Actor_06/03-01-04-01-02-01-06.wav
sad,dataset/audio_speech_actors_01-24/Actor_06/03-01-04-01-02-02-06.wav
sad,dataset/audio_speech_actors_01-24/Actor_06/03-01-04-02-01-01-06.wav
sad,dataset/audio_speech_actors_01-24/Actor_06/03-01-04-02-01-02-06.wav
sad,dataset/audio_speech_actors_01-24/Actor_06/03-01-04-02-02-01-06.wav
sad,dataset/audio_speech_actors_01-24/Actor_06/03-01-04-02-02-02-06.wav
angry,dataset/audio_speech_actors_01-24/Actor_06/03-01-05-01-01-01-06.wav
angry,dataset/audio_speech_actors_01-24/Actor_06/03-01-05-01-01-02-06.wav
angry,dataset/audio_speech_actors_01-24/Actor_06/03-01-05-01-02-01-06.wav
angry,dataset/audio_speech_actors_01-24/Actor_06/03-01-05-01-02-02-06.wav
angry,dataset/audio_speech_actors_01-24/Actor_06/03-01-05-02-01-01-06.wav
angry,dataset/audio_speech_actors_01-24/Actor_06/03-01-05-02-01-02-06.wav
angry,dataset/audio_speech_actors_01-24/Actor_06/03-01-05-02-02-01-06.wav
angry,dataset/audio_speech_actors_01-24/Actor_06/03-01-05-02-02-02-06.wav
surprise,dataset/audio_speech_actors_01-24/Actor_06/03-01-08-01-01-01-06.wav
surprise,dataset/audio_speech_actors_01-24/Actor_06/03-01-08-01-01-02-06.wav
surprise,dataset/audio_speech_actors_01-24/Actor_06/03-01-08-01-02-01-06.wav
surprise,dataset/audio_speech_actors_01-24/Actor_06/03-01-08-01-02-02-06.wav
surprise,dataset/audio_speech_actors_01-24/Actor_06/03-01-08-02-01-01-06.wav
surprise,dataset/audio_speech_actors_01-24/Actor_06/03-01-08-02-01-02-06.wav
surprise,dataset/audio_speech_actors_01-24/Actor_06/03-01-08-02-02-01-06.wav
surprise,dataset/audio_speech_actors_01-24/Actor_06/03-01-08-02-02-02-06.wav
neutral,dataset/audio_speech_actors_01-24/Actor_07/03-01-01-01-01-01-07.wav
neutral,dataset/audio_speech_actors_01-24/Actor_07/03-01-01-01-01-02-07.wav
neutral,dataset/audio_speech_actors_01-24/Actor_07/03-01-01-01-02-01-07.wav
neutral,dataset/audio_speech_actors_01-24/Actor_07/03-01-01-01-02-02-07.wav
neutral,dataset/audio_speech_actors_01-24/Actor_07/03-01-02-01-01-01-07.wav
neutral,dataset/audio_speech_actors_01-24/Actor_07/03-01-02-01-01-02-07.wav
neutral,dataset/audio_speech_actors_01-24/Actor_07/03-01-02-01-02-01-07.wav
neutral,dataset/audio_speech_actors_01-24/Actor_07/03-01-02-01-02-02-07.wav
neutral,dataset/audio_speech_actors_01-24/Actor_07/03-01-02-02-01-01-07.wav
neutral,dataset/audio_speech_actors_01-24/Actor_07/03-01-02-02-01-02-07.wav
neutral,dataset/audio_speech_actors_01-24/Actor_07/03-01-02-02-02-01-07.wav
neutral,dataset/audio_speech_actors_01-24/Actor_07/03-01-02-02-02-02-07.wav
happy,dataset/audio_speech_actors_01-24/Actor_07/03-01-03-01-01-01-07.wav
happy,dataset/audio_speech_actors_01-24/Actor_07/03-01-03-01-01-02-07.wav
happy,dataset/audio_speech_actors_01-24/Actor_07/03-01-03-01-02-01-07.wav
happy,dataset/audio_speech_actors_01-24/Actor_07/03-01-03-01-02-02-07.wav
happy,dataset/audio_speech_actors_01-24/Actor_07/03-01-03-02-01-01-07.wav
happy,dataset/audio_speech_actors_01-24/Actor_07/03-01-03-02-01-02-07.wav
happy,dataset/audio_speech_actors_01-24/Actor_07/03-01-03-02-02-01-07.wav
happy,dataset/audio_speech_actors_01-24/Actor_07/03-01-03-02-02-02-07.wav
sad,dataset/audio_speech_actors_01-24/Actor_07/03-01-04-01-01-01-07.wav
sad,dataset/audio_speech_actors_01-24/Actor_07/03-01-04-01-01-02-07.wav
sad,dataset/audio_speech_actors_01-24/Actor_07/03-01-04-01-02-01-07.wav
sad,dataset/audio_speech_actors_01-24/Actor_07/03-01-04-01-02-02-07.wav
sad,dataset/audio_speech_actors_01-24/Actor_07/03-01-04-02-01-01-07.wav
sad,dataset/audio_speech_actors_01-24/Actor_07/03-01-04-02-01-02-07.wav
sad,dataset/audio_speech_actors_01-24/Actor_07/03-01-04-02-02-01-07.wav
sad,dataset/audio_speech_actors_01-24/Actor_07/03-01-04-02-02-02-07.wav
angry,dataset/audio_speech_actors_01-24/Actor_07/03-01-05-01-01-01-07.wav
angry,dataset/audio_speech_actors_01-24/Actor_07/03-01-05-01-01-02-07.wav
angry,dataset/audio_speech_actors_01-24/Actor_07/03-01-05-01-02-01-07.wav
angry,dataset/audio_speech_actors_01-24/Actor_07/03-01-05-01-02-02-07.wav
angry,dataset/audio_speech_actors_01-24/Actor_07/03-01-05-02-01-01-07.wav
angry,dataset/audio_speech_actors_01-24/Actor_07/03-01-05-02-01-02-07.wav
angry,dataset/audio_speech_actors_01-24/Actor_07/03-01-05-02-02-01-07.wav
angry,dataset/audio_speech_actors_01-24/Actor_07/03-01-05-02-02-02-07.wav
surprise,dataset/audio_speech_actors_01-24/Actor_07/03-01-08-01-01-01-07.wav
surprise,dataset/audio_speech_actors_01-24/Actor_07/03-01-08-01-01-02-07.wav
surprise,dataset/audio_speech_actors_01-24/Actor_07/03-01-08-01-02-01-07.wav
surprise,dataset/audio_speech_actors_01-24/Actor_07/03-01-08-01-02-02-07.wav
surprise,dataset/audio_speech_actors_01-24/Actor_07/03-01-08-02-01-01-07.wav
surprise,dataset/audio_speech_actors_01-24/Actor_07/03-01-08-02-01-02-07.wav
surprise,dataset/audio_speech_actors_01-24/Actor_07/03-01-08-02-02-01-07.wav
surprise,dataset/audio_speech_actors_01-24/Actor_07/03-01-08-02-02-02-07.wav
neutral,dataset/audio_speech_actors_01-24/Actor_08/03-01-01-01-01-01-08.wav
neutral,dataset/audio_speech_actors_01-24/Actor_08/03-01-01-01-01-02-08.wav
neutral,dataset/audio_speech_actors_01-24/Actor_08/03-01-01-01-02-01-08.wav
neutral,dataset/audio_speech_actors_01-24/Actor_08/03-01-01-01-02-02-08.wav
neutral,dataset/audio_speech_actors_01-24/Actor_08/03-01-02-01-01-01-08.wav
neutral,dataset/audio_speech_actors_01-24/Actor_08/03-01-02-01-01-02-08.wav
neutral,dataset/audio_speech_actors_01-24/Actor_08/03-01-02-01-02-01-08.wav
neutral,dataset/audio_speech_actors_01-24/Actor_08/03-01-02-01-02-02-08.wav
neutral,dataset/audio_speech_actors_01-24/Actor_08/03-01-02-02-01-01-08.wav
neutral,dataset/audio_speech_actors_01-24/Actor_08/03-01-02-02-01-02-08.wav
neutral,dataset/audio_speech_actors_01-24/Actor_08/03-01-02-02-02-01-08.wav
neutral,dataset/audio_speech_actors_01-24/Actor_08/03-01-02-02-02-02-08.wav
happy,dataset/audio_speech_actors_01-24/Actor_08/03-01-03-01-01-01-08.wav
happy,dataset/audio_speech_actors_01-24/Actor_08/03-01-03-01-01-02-08.wav
happy,dataset/audio_speech_actors_01-24/Actor_08/03-01-03-01-02-01-08.wav
happy,dataset/audio_speech_actors_01-24/Actor_08/03-01-03-01-02-02-08.wav
happy,dataset/audio_speech_actors_01-24/Actor_08/03-01-03-02-01-01-08.wav
happy,dataset/audio_speech_actors_01-24/Actor_08/03-01-03-02-01-02-08.wav
happy,dataset/audio_speech_actors_01-24/Actor_08/03-01-03-02-02-01-08.wav
happy,dataset/audio_speech_actors_01-24/Actor_08/03-01-03-02-02-02-08.wav
sad,dataset/audio_speech_actors_01-24/Actor_08/03-01-04-01-01-01-08.wav
sad,dataset/audio_speech_actors_01-24/Actor_08/03-01-04-01-01-02-08.wav
sad,dataset/audio_speech_actors_01-24/Actor_08/03-01-04-01-02-01-08.wav
sad,dataset/audio_speech_actors_01-24/Actor_08/03-01-04-01-02-02-08.wav
sad,dataset/audio_speech_actors_01-24/Actor_08/03-01-04-02-01-01-08.wav
sad,dataset/audio_speech_actors_01-24/Actor_08/03-01-04-02-01-02-08.wav
sad,dataset/audio_speech_actors_01-24/Actor_08/03-01-04-02-02-01-08.wav
sad,dataset/audio_speech_actors_01-24/Actor_08/03-01-04-02-02-02-08.wav
angry,dataset/audio_speech_actors_01-24/Actor_08/03-01-05-01-01-01-08.wav
angry,dataset/audio_speech_actors_01-24/Actor_08/03-01-05-01-01-02-08.wav
angry,dataset/audio_speech_actors_01-24/Actor_08/03-01-05-01-02-01-08.wav
angry,dataset/audio_speech_actors_01-24/Actor_08/03-01-05-01-02-02-08.wav
angry,dataset/audio_speech_actors_01-24/Actor_08/03-01-05-02-01-01-08.wav
angry,dataset/audio_speech_actors_01-24/Actor_08/03-01-05-02-01-02-08.wav
angry,dataset/audio_speech_actors_01-24/Actor_08/03-01-05-02-02-01-08.wav
angry,dataset/audio_speech_actors_01-24/Actor_08/03-01-05-02-02-02-08.wav
surprise,dataset/audio_speech_actors_01-24/Actor_08/03-01-08-01-01-01-08.wav
surprise,dataset/audio_speech_actors_01-24/Actor_08/03-01-08-01-01-02-08.wav
surprise,dataset/audio_speech_actors_01-24/Actor_08/03-01-08-01-02-01-08.wav
surprise,dataset/audio_speech_actors_01-24/Actor_08/03-01-08-01-02-02-08.wav
surprise,dataset/audio_speech_actors_01-24/Actor_08/03-01-08-02-01-01-08.wav
surprise,dataset/audio_speech_actors_01-24/Actor_08/03-01-08-02-01-02-08.wav
surprise,dataset/audio_speech_actors_01-24/Actor_08/03-01-08-02-02-01-08.wav
surprise,dataset/audio_speech_actors_01-24/Actor_08/03-01-08-02-02-02-08.wav
neutral,dataset/audio_speech_actors_01-24/Actor_09/03-01-01-01-01-01-09.wav
neutral,dataset/audio_speech_actors_01-24/Actor_09/03-01-01-01-01-02-09.wav
neutral,dataset/audio_speech_actors_01-24/Actor_09/03-01-01-01-02-01-09.wav
neutral,dataset/audio_speech_actors_01-24/Actor_09/03-01-01-01-02-02-09.wav
neutral,dataset/audio_speech_actors_01-24/Actor_09/03-01-02-01-01-01-09.wav
neutral,dataset/audio_speech_actors_01-24/Actor_09/03-01-02-01-01-02-09.wav
neutral,dataset/audio_speech_actors_01-24/Actor_09/03-01-02-01-02-01-09.wav
neutral,dataset/audio_speech_actors_01-24/Actor_09/03-01-02-01-02-02-09.wav
neutral,dataset/audio_speech_actors_01-24/Actor_09/03-01-02-02-01-01-09.wav
neutral,dataset/audio_speech_actors_01-24/Actor_09/03-01-02-02-01-02-09.wav
neutral,dataset/audio_speech_actors_01-24/Actor_09/03-01-02-02-02-01-09.wav
neutral,dataset/audio_speech_actors_01-24/Actor_09/03-01-02-02-02-02-09.wav
happy,dataset/audio_speech_actors_01-24/Actor_09/03-01-03-01-01-01-09.wav
happy,dataset/audio_speech_actors_01-24/Actor_09/03-01-03-01-01-02-09.wav
happy,dataset/audio_speech_actors_01-24/Actor_09/03-01-03-01-02-01-09.wav
happy,dataset/audio_speech_actors_01-24/Actor_09/03-01-03-01-02-02-09.wav
happy,dataset/audio_speech_actors_01-24/Actor_09/03-01-03-02-01-01-09.wav
happy,dataset/audio_speech_actors_01-24/Actor_09/03-01-03-02-01-02-09.wav
happy,dataset/audio_speech_actors_01-24/Actor_09/03-01-03-02-02-01-09.wav
happy,dataset/audio_speech_actors_01-24/Actor_09/03-01-03-02-02-02-09.wav
sad,dataset/audio_speech_actors_01-24/Actor_09/03-01-04-01-01-01-09.wav
sad,dataset/audio_speech_actors_01-24/Actor_09/03-01-04-01-01-02-09.wav
sad,dataset/audio_speech_actors_01-24/Actor_09/03-01-04-01-02-01-09.wav
sad,dataset/audio_speech_actors_01-24/Actor_09/03-01-04-01-02-02-09.wav
sad,dataset/audio_speech_actors_01-24/Actor_09/03-01-04-02-01-01-09.wav
sad,dataset/audio_speech_actors_01-24/Actor_09/03-01-04-02-01-02-09.wav
sad,dataset/audio_speech_actors_01-24/Actor_09/03-01-04-02-02-01-09.wav
sad,dataset/audio_speech_actors_01-24/Actor_09/03-01-04-02-02-02-09.wav
angry,dataset/audio_speech_actors_01-24/Actor_09/03-01-05-01-01-01-09.wav
angry,dataset/audio_speech_actors_01-24/Actor_09/03-01-05-01-01-02-09.wav
angry,dataset/audio_speech_actors_01-24/Actor_09/03-01-05-01-02-01-09.wav
angry,dataset/audio_speech_actors_01-24/Actor_09/03-01-05-01-02-02-09.wav
angry,dataset/audio_speech_actors_01-24/Actor_09/03-01-05-02-01-01-09.wav
angry,dataset/audio_speech_actors_01-24/Actor_09/03-01-05-02-01-02-09.wav
angry,dataset/audio_speech_actors_01-24/Actor_09/03-01-05-02-02-01-09.wav
angry,dataset/audio_speech_actors_01-24/Actor_09/03-01-05-02-02-02-09.wav
surprise,dataset/audio_speech_actors_01-24/Actor_09/03-01-08-01-01-01-09.wav
surprise,dataset/audio_speech_actors_01-24/Actor_09/03-01-08-01-01-02-09.wav
surprise,dataset/audio_speech_actors_01-24/Actor_09/03-01-08-01-02-01-09.wav
surprise,dataset/audio_speech_actors_01-24/Actor_09/03-01-08-01-02-02-09.wav
surprise,dataset/audio_speech_actors_01-24/Actor_09/03-01-08-02-01-01-09.wav
surprise,dataset/audio_speech_actors_01-24/Actor_09/03-01-08-02-01-02-09.wav
surprise,dataset/audio_speech_actors_01-24/Actor_09/03-01-08-02-02-01-09.wav
surprise,dataset/audio_speech_actors_01-24/Actor_09/03-01-08-02-02-02-09.wav
neutral,dataset/audio_speech_actors_01-24/Actor_10/03-01-01-01-01-01-10.wav
neutral,dataset/audio_speech_actors_01-24/Actor_10/03-01-01-01-01-02-10.wav
neutral,dataset/audio_speech_actors_01-24/Actor_10/03-01-01-01-02-01-10.wav
neutral,dataset/audio_speech_actors_01-24/Actor_10/03-01-01-01-02-02-10.wav
neutral,dataset/audio_speech_actors_01-24/Actor_10/03-01-02-01-01-01-10.wav
neutral,dataset/audio_speech_actors_01-24/Actor_10/03-01-02-01-01-02-10.wav
neutral,dataset/audio_speech_actors_01-24/Actor_10/03-01-02-01-02-01-10.wav
neutral,dataset/audio_speech_actors_01-24/Actor_10/03-01-02-01-02-02-10.wav
neutral,dataset/audio_speech_actors_01-24/Actor_10/03-01-02-02-01-01-10.wav
neutral,dataset/audio_speech_actors_01-24/Actor_10/03-01-02-02-01-02-10.wav
neutral,dataset/audio_speech_actors_01-24/Actor_10/03-01-02-02-02-01-10.wav
neutral,dataset/audio_speech_actors_01-24/Actor_10/03-01-02-02-02-02-10.wav
happy,dataset/audio_speech_actors_01-24/Actor_10/03-01-03-01-01-01-10.wav
happy,dataset/audio_speech_actors_01-24/Actor_10/03-01-03-01-01-02-10.wav
happy,dataset/audio_speech_actors_01-24/Actor_10/03-01-03-01-02-01-10.wav
happy,dataset/audio_speech_actors_01-24/Actor_10/03-01-03-01-02-02-10.wav
happy,dataset/audio_speech_actors_01-24/Actor_10/03-01-03-02-01-01-10.wav
happy,dataset/audio_speech_actors_01-24/Actor_10/03-01-03-02-01-02-10.wav
happy,dataset/audio_speech_actors_01-24/Actor_10/03-01-03-02-02-01-10.wav
happy,dataset/audio_speech_actors_01-24/Actor_10/03-01-03-02-02-02-10.wav
sad,dataset/audio_speech_actors_01-24/Actor_10/03-01-04-01-01-01-10.wav
sad,dataset/audio_speech_actors_01-24/Actor_10/03-01-04-01-01-02-10.wav
sad,dataset/audio_speech_actors_01-24/Actor_10/03-01-04-01-02-01-10.wav
sad,dataset/audio_speech_actors_01-24/Actor_10/03-01-04-01-02-02-10.wav
sad,dataset/audio_speech_actors_01-24/Actor_10/03-01-04-02-01-01-10.wav
sad,dataset/audio_speech_actors_01-24/Actor_10/03-01-04-02-01-02-10.wav
sad,dataset/audio_speech_actors_01-24/Actor_10/03-01-04-02-02-01-10.wav
sad,dataset/audio_speech_actors_01-24/Actor_10/03-01-04-02-02-02-10.wav
angry,dataset/audio_speech_actors_01-24/Actor_10/03-01-05-01-01-01-10.wav
angry,dataset/audio_speech_actors_01-24/Actor_10/03-01-05-01-01-02-10.wav
angry,dataset/audio_speech_actors_01-24/Actor_10/03-01-05-01-02-01-10.wav
angry,dataset/audio_speech_actors_01-24/Actor_10/03-01-05-01-02-02-10.wav
angry,dataset/audio_speech_actors_01-24/Actor_10/03-01-05-02-01-01-10.wav
angry,dataset/audio_speech_actors_01-24/Actor_10/03-01-05-02-01-02-10.wav
angry,dataset/audio_speech_actors_01-24/Actor_10/03-01-05-02-02-01-10.wav
angry,dataset/audio_speech_actors_01-24/Actor_10/03-01-05-02-02-02-10.wav
surprise,dataset/audio_speech_actors_01-24/Actor_10/03-01-08-01-01-01-10.wav
surprise,dataset/audio_speech_actors_01-24/Actor_10/03-01-08-01-01-02-10.wav
surprise,dataset/audio_speech_actors_01-24/Actor_10/03-01-08-01-02-01-10.wav
surprise,dataset/audio_speech_actors_01-24/Actor_10/03-01-08-01-02-02-10.wav
surprise,dataset/audio_speech_actors_01-24/Actor_10/03-01-08-02-01-01-10.wav
surprise,dataset/audio_speech_actors_01-24/Actor_10/03-01-08-02-01-02-10.wav
surprise,dataset/audio_speech_actors_01-24/Actor_10/03-01-08-02-02-01-10.wav
surprise,dataset/audio_speech_actors_01-24/Actor_10/03-01-08-02-02-02-10.wav
neutral,dataset/audio_speech_actors_01-24/Actor_11/03-01-01-01-01-01-11.wav
neutral,dataset/audio_speech_actors_01-24/Actor_11/03-01-01-01-01-02-11.wav
neutral,dataset/audio_speech_actors_01-24/Actor_11/03-01-01-01-02-01-11.wav
neutral,dataset/audio_speech_actors_01-24/Actor_11/03-01-01-01-02-02-11.wav
neutral,dataset/audio_speech_actors_01-24/Actor_11/03-01-02-01-01-01-11.wav
neutral,dataset/audio_speech_actors_01-24/Actor_11/03-01-02-01-01-02-11.wav
neutral,dataset/audio_speech_actors_01-24/Actor_11/03-01-02-01-02-01-11.wav
neutral,dataset/audio_speech_actors_01-24/Actor_11/03-01-02-01-02-02-11.wav
neutral,dataset/audio_speech_actors_01-24/Actor_11/03-01-02-02-01-01-11.wav
neutral,dataset/audio_speech_actors_01-24/Actor_11/03-01-02-02-01-02-11.wav
neutral,dataset/audio_speech_actors_01-24/Actor_11/03-01-02-02-02-01-11.wav
neutral,dataset/audio_speech_actors_01-24/Actor_11/03-01-02-02-02-02-11.wav
happy,dataset/audio_speech_actors_01-24/Actor_11/03-01-03-01-01-01-11.wav
happy,dataset/audio_speech_actors_01-24/Actor_11/03-01-03-01-01-02-11.wav
happy,dataset/audio_speech_actors_01-24/Actor_11/03-01-03-01-02-01-11.wav
happy,dataset/audio_speech_actors_01-24/Actor_11/03-01-03-01-02-02-11.wav
happy,dataset/audio_speech_actors_01-24/Actor_11/03-01-03-02-01-01-11.wav
happy,dataset/audio_speech_actors_01-24/Actor_11/03-01-03-02-01-02-11.wav
happy,dataset/audio_speech_actors_01-24/Actor_11/03-01-03-02-02-01-11.wav
happy,dataset/audio_speech_actors_01-24/Actor_11/03-01-03-02-02-02-11.wav
sad,dataset/audio_speech_actors_01-24/Actor_11/03-01-04-01-01-01-11.wav
sad,dataset/audio_speech_actors_01-24/Actor_11/03-01-04-01-01-02-11.wav
sad,dataset/audio_speech_actors_01-24/Actor_11/03-01-04-01-02-01-11.wav
sad,dataset/audio_speech_actors_01-24/Actor_11/03-01-04-01-02-02-11.wav
sad,dataset/audio_speech_actors_01-24/Actor_11/03-01-04-02-01-01-11.wav
sad,dataset/audio_speech_actors_01-24/Actor_11/03-01-04-02-01-02-11.wav
sad,dataset/audio_speech_actors_01-24/Actor_11/03-01-04-02-02-01-11.wav
sad,dataset/audio_speech_actors_01-24/Actor_11/03-01-04-02-02-02-11.wav
angry,dataset/audio_speech_actors_01-24/Actor_11/03-01-05-01-01-01-11.wav
angry,dataset/audio_speech_actors_01-24/Actor_11/03-01-05-01-01-02-11.wav
angry,dataset/audio_speech_actors_01-24/Actor_11/03-01-05-01-02-01-11.wav
angry,dataset/audio_speech_actors_01-24/Actor_11/03-01-05-01-02-02-11.wav
angry,dataset/audio_speech_actors_01-24/Actor_11/03-01-05-02-01-01-11.wav
angry,dataset/audio_speech_actors_01-24/Actor_11/03-01-05-02-01-02-11.wav
angry,dataset/audio_speech_actors_01-24/Actor_11/03-01-05-02-02-01-11.wav
angry,dataset/audio_speech_actors_01-24/Actor_11/03-01-05-02-02-02-11.wav
surprise,dataset/audio_speech_actors_01-24/Actor_11/03-01-08-01-01-01-11.wav
surprise,dataset/audio_speech_actors_01-24/Actor_11/03-01-08-01-01-02-11.wav
surprise,dataset/audio_speech_actors_01-24/Actor_11/03-01-08-01-02-01-11.wav
surprise,dataset/audio_speech_actors_01-24/Actor_11/03-01-08-01-02-02-11.wav
surprise,dataset/audio_speech_actors_01-24/Actor_11/03-01-08-02-01-01-11.wav
surprise,dataset/audio_speech_actors_01-24/Actor_11/03-01-08-02-01-02-11.wav
surprise,dataset/audio_speech_actors_01-24/Actor_11/03-01-08-02-02-01-11.wav
surprise,dataset/audio_speech_actors_01-24/Actor_11/03-01-08-02-02-02-11.wav
neutral,dataset/audio_speech_actors_01-24/Actor_12/03-01-01-01-01-01-12.wav
neutral,dataset/audio_speech_actors_01-24/Actor_12/03-01-01-01-01-02-12.wav
neutral,dataset/audio_speech_actors_01-24/Actor_12/03-01-01-01-02-01-12.wav
neutral,dataset/audio_speech_actors_01-24/Actor_12/03-01-01-01-02-02-12.wav
neutral,dataset/audio_speech_actors_01-24/Actor_12/03-01-02-01-01-01-12.wav
neutral,dataset/audio_speech_actors_01-24/Actor_12/03-01-02-01-01-02-12.wav
neutral,dataset/audio_speech_actors_01-24/Actor_12/03-01-02-01-02-01-12.wav
neutral,dataset/audio_speech_actors_01-24/Actor_12/03-01-02-01-02-02-12.wav
neutral,dataset/audio_speech_actors_01-24/Actor_12/03-01-02-02-01-01-12.wav
neutral,dataset/audio_speech_actors_01-24/Actor_12/03-01-02-02-01-02-12.wav
neutral,dataset/audio_speech_actors_01-24/Actor_12/03-01-02-02-02-01-12.wav
neutral,dataset/audio_speech_actors_01-24/Actor_12/03-01-02-02-02-02-12.wav
happy,dataset/audio_speech_actors_01-24/Actor_12/03-01-03-01-01-01-12.wav
happy,dataset/audio_speech_actors_01-24/Actor_12/03-01-03-01-01-02-12.wav
happy,dataset/audio_speech_actors_01-24/Actor_12/03-01-03-01-02-01-12.wav
happy,dataset/audio_speech_actors_01-24/Actor_12/03-01-03-01-02-02-12.wav
happy,dataset/audio_speech_actors_01-24/Actor_12/03-01-03-02-01-01-12.wav
happy,dataset/audio_speech_actors_01-24/Actor_12/03-01-03-02-01-02-12.wav
happy,dataset/audio_speech_actors_01-24/Actor_12/03-01-03-02-02-01-12.wav
happy,dataset/audio_speech_actors_01-24/Actor_12/03-01-03-02-02-02-12.wav
sad,dataset/audio_speech_actors_01-24/Actor_12/03-01-04-01-01-01-12.wav
sad,dataset/audio_speech_actors_01-24/Actor_12/03-01-04-01-01-02-12.wav
sad,dataset/audio_speech_actors_01-24/Actor_12/03-01-04-01-02-01-12.wav
sad,dataset/audio_speech_actors_01-24/Actor_12/03-01-04-01-02-02-12.wav
sad,dataset/audio_speech_actors_01-24/Actor_12/03-01-04-02-01-01-12.wav
sad,dataset/audio_speech_actors_01-24/Actor_12/03-01-04-02-01-02-12.wav
sad,dataset/audio_speech_actors_01-24/Actor_12/03-01-04-02-02-01-12.wav
sad,dataset/audio_speech_actors_01-24/Actor_12/03-01-04-02-02-02-12.wav
angry,dataset/audio_speech_actors_01-24/Actor_12/03-01-05-01-01-01-12.wav
angry,dataset/audio_speech_actors_01-24/Actor_12/03-01-05-01-01-02-12.wav
angry,dataset/audio_speech_actors_01-24/Actor_12/03-01-05-01-02-01-12.wav
angry,dataset/audio_speech_actors_01-24/Actor_12/03-01-05-01-02-02-12.wav
angry,dataset/audio_speech_actors_01-24/Actor_12/03-01-05-02-01-01-12.wav
angry,dataset/audio_speech_actors_01-24/Actor_12/03-01-05-02-01-02-12.wav
angry,dataset/audio_speech_actors_01-24/Actor_12/03-01-05-02-02-01-12.wav
angry,dataset/audio_speech_actors_01-24/Actor_12/03-01-05-02-02-02-12.wav
surprise,dataset/audio_speech_actors_01-24/Actor_12/03-01-08-01-01-01-12.wav
surprise,dataset/audio_speech_actors_01-24/Actor_12/03-01-08-01-01-02-12.wav
surprise,dataset/audio_speech_actors_01-24/Actor_12/03-01-08-01-02-01-12.wav
surprise,dataset/audio_speech_actors_01-24/Actor_12/03-01-08-01-02-02-12.wav
surprise,dataset/audio_speech_actors_01-24/Actor_12/03-01-08-02-01-01-12.wav
surprise,dataset/audio_speech_actors_01-24/Actor_12/03-01-08-02-01-02-12.wav
surprise,dataset/audio_speech_actors_01-24/Actor_12/03-01-08-02-02-01-12.wav
surprise,dataset/audio_speech_actors_01-24/Actor_12/03-01-08-02-02-02-12.wav
neutral,dataset/audio_speech_actors_01-24/Actor_13/03-01-01-01-01-01-13.wav
neutral,dataset/audio_speech_actors_01-24/Actor_13/03-01-01-01-01-02-13.wav
neutral,dataset/audio_speech_actors_01-24/Actor_13/03-01-01-01-02-01-13.wav
neutral,dataset/audio_speech_actors_01-24/Actor_13/03-01-01-01-02-02-13.wav
neutral,dataset/audio_speech_actors_01-24/Actor_13/03-01-02-01-01-01-13.wav
neutral,dataset/audio_speech_actors_01-24/Actor_13/03-01-02-01-01-02-13.wav
neutral,dataset/audio_speech_actors_01-24/Actor_13/03-01-02-01-02-01-13.wav
neutral,dataset/audio_speech_actors_01-24/Actor_13/03-01-02-01-02-02-13.wav
neutral,dataset/audio_speech_actors_01-24/Actor_13/03-01-02-02-01-01-13.wav
neutral,dataset/audio_speech_actors_01-24/Actor_13/03-01-02-02-01-02-13.wav
neutral,dataset/audio_speech_actors_01-24/Actor_13/03-01-02-02-02-01-13.wav
neutral,dataset/audio_speech_actors_01-24/Actor_13/03-01-02-02-02-02-13.wav
happy,dataset/audio_speech_actors_01-24/Actor_13/03-01-03-01-01-01-13.wav
happy,dataset/audio_speech_actors_01-24/Actor_13/03-01-03-01-01-02-13.wav
happy,dataset/audio_speech_actors_01-24/Actor_13/03-01-03-01-02-01-13.wav
happy,dataset/audio_speech_actors_01-24/Actor_13/03-01-03-01-02-02-13.wav
happy,dataset/audio_speech_actors_01-24/Actor_13/03-01-03-02-01-01-13.wav
happy,dataset/audio_speech_actors_01-24/Actor_13/03-01-03-02-01-02-13.wav
happy,dataset/audio_speech_actors_01-24/Actor_13/03-01-03-02-02-01-13.wav
happy,dataset/audio_speech_actors_01-24/Actor_13/03-01-03-02-02-02-13.wav
sad,dataset/audio_speech_actors_01-24/Actor_13/03-01-04-01-01-01-13.wav
sad,dataset/audio_speech_actors_01-24/Actor_13/03-01-04-01-01-02-13.wav
sad,dataset/audio_speech_actors_01-24/Actor_13/03-01-04-01-02-01-13.wav
sad,dataset/audio_speech_actors_01-24/Actor_13/03-01-04-01-02-02-13.wav
sad,dataset/audio_speech_actors_01-24/Actor_13/03-01-04-02-01-01-13.wav
sad,dataset/audio_speech_actors_01-24/Actor_13/03-01-04-02-01-02-13.wav
sad,dataset/audio_speech_actors_01-24/Actor_13/03-01-04-02-02-01-13.wav
sad,dataset/audio_speech_actors_01-24/Actor_13/03-01-04-02-02-02-13.wav
angry,dataset/audio_speech_actors_01-24/Actor_13/03-01-05-01-01-01-13.wav
angry,dataset/audio_speech_actors_01-24/Actor_13/03-01-05-01-01-02-13.wav
angry,dataset/audio_speech_actors_01-24/Actor_13/03-01-05-01-02-01-13.wav
angry,dataset/audio_speech_actors_01-24/Actor_13/03-01-05-01-02-02-13.wav
angry,dataset/audio_speech_actors_01-24/Actor_13/03-01-05-02-01-01-13.wav
angry,dataset/audio_speech_actors_01-24/Actor_13/03-01-05-02-01-02-13.wav
angry,dataset/audio_speech_actors_01-24/Actor_13/03-01-05-02-02-01-13.wav
angry,dataset/audio_speech_actors_01-24/Actor_13/03-01-05-02-02-02-13.wav
surprise,dataset/audio_speech_actors_01-24/Actor_13/03-01-08-01-01-01-13.wav
surprise,dataset/audio_speech_actors_01-24/Actor_13/03-01-08-01-01-02-13.wav
surprise,dataset/audio_speech_actors_01-24/Actor_13/03-01-08-01-02-01-13.wav
surprise,dataset/audio_speech_actors_01-24/Actor_13/03-01-08-01-02-02-13.wav
surprise,dataset/audio_speech_actors_01-24/Actor_13/03-01-08-02-01-01-13.wav
surprise,dataset/audio_speech_actors_01-24/Actor_13/03-01-08-02-01-02-13.wav
surprise,dataset/audio_speech_actors_01-24/Actor_13/03-01-08-02-02-01-13.wav
surprise,dataset/audio_speech_actors_01-24/Actor_13/03-01-08-02-02-02-13.wav
neutral,dataset/audio_speech_actors_01-24/Actor_14/03-01-01-01-01-01-14.wav
neutral,dataset/audio_speech_actors_01-24/Actor_14/03-01-01-01-01-02-14.wav
neutral,dataset/audio_speech_actors_01-24/Actor_14/03-01-01-01-02-01-14.wav
neutral,dataset/audio_speech_actors_01-24/Actor_14/03-01-01-01-02-02-14.wav
neutral,dataset/audio_speech_actors_01-24/Actor_14/03-01-02-01-01-01-14.wav
neutral,dataset/audio_speech_actors_01-24/Actor_14/03-01-02-01-01-02-14.wav
neutral,dataset/audio_speech_actors_01-24/Actor_14/03-01-02-01-02-01-14.wav
neutral,dataset/audio_speech_actors_01-24/Actor_14/03-01-02-01-02-02-14.wav
neutral,dataset/audio_speech_actors_01-24/Actor_14/03-01-02-02-01-01-14.wav
neutral,dataset/audio_speech_actors_01-24/Actor_14/03-01-02-02-01-02-14.wav
neutral,dataset/audio_speech_actors_01-24/Actor_14/03-01-02-02-02-01-14.wav
neutral,dataset/audio_speech_actors_01-24/Actor_14/03-01-02-02-02-02-14.wav
happy,dataset/audio_speech_actors_01-24/Actor_14/03-01-03-01-01-01-14.wav
happy,dataset/audio_speech_actors_01-24/Actor_14/03-01-03-01-01-02-14.wav
happy,dataset/audio_speech_actors_01-24/Actor_14/03-01-03-01-02-01-14.wav
happy,dataset/audio_speech_actors_01-24/Actor_14/03-01-03-01-02-02-14.wav
happy,dataset/audio_speech_actors_01-24/Actor_14/03-01-03-02-01-01-14.wav
happy,dataset/audio_speech_actors_01-24/Actor_14/03-01-03-02-01-02-14.wav
happy,dataset/audio_speech_actors_01-24/Actor_14/03-01-03-02-02-01-14.wav
happy,dataset/audio_speech_actors_01-24/Actor_14/03-01-03-02-02-02-14.wav
sad,dataset/audio_speech_actors_01-24/Actor_14/03-01-04-01-01-01-14.wav
sad,dataset/audio_speech_actors_01-24/Actor_14/03-01-04-01-01-02-14.wav
sad,dataset/audio_speech_actors_01-24/Actor_14/03-01-04-01-02-01-14.wav
sad,dataset/audio_speech_actors_01-24/Actor_14/03-01-04-01-02-02-14.wav
sad,dataset/audio_speech_actors_01-24/Actor_14/03-01-04-02-01-01-14.wav
sad,dataset/audio_speech_actors_01-24/Actor_14/03-01-04-02-01-02-14.wav
sad,dataset/audio_speech_actors_01-24/Actor_14/03-01-04-02-02-01-14.wav
sad,dataset/audio_speech_actors_01-24/Actor_14/03-01-04-02-02-02-14.wav
angry,dataset/audio_speech_actors_01-24/Actor_14/03-01-05-01-01-01-14.wav
angry,dataset/audio_speech_actors_01-24/Actor_14/03-01-05-01-01-02-14.wav
angry,dataset/audio_speech_actors_01-24/Actor_14/03-01-05-01-02-01-14.wav
angry,dataset/audio_speech_actors_01-24/Actor_14/03-01-05-01-02-02-14.wav
angry,dataset/audio_speech_actors_01-24/Actor_14/03-01-05-02-01-01-14.wav
angry,dataset/audio_speech_actors_01-24/Actor_14/03-01-05-02-01-02-14.wav
angry,dataset/audio_speech_actors_01-24/Actor_14/03-01-05-02-02-01-14.wav
angry,dataset/audio_speech_actors_01-24/Actor_14/03-01-05-02-02-02-14.wav
surprise,dataset/audio_speech_actors_01-24/Actor_14/03-01-08-01-01-01-14.wav
surprise,dataset/audio_speech_actors_01-24/Actor_14/03-01-08-01-01-02-14.wav
surprise,dataset/audio_speech_actors_01-24/Actor_14/03-01-08-01-02-01-14.wav
surprise,dataset/audio_speech_actors_01-24/Actor_14/03-01-08-01-02-02-14.wav
surprise,dataset/audio_speech_actors_01-24/Actor_14/03-01-08-02-01-01-14.wav
surprise,dataset/audio_speech_actors_01-24/Actor_14/03-01-08-02-01-02-14.wav
surprise,dataset/audio_speech_actors_01-24/Actor_14/03-01-08-02-02-01-14.wav
surprise,dataset/audio_speech_actors_01-24/Actor_14/03-01-08-02-02-02-14.wav
neutral,dataset/audio_speech_actors_01-24/Actor_15/03-01-01-01-01-01-15.wav
neutral,dataset/audio_speech_actors_01-24/Actor_15/03-01-01-01-01-02-15.wav
neutral,dataset/audio_speech_actors_01-24/Actor_15/03-01-01-01-02-01-15.wav
neutral,dataset/audio_speech_actors_01-24/Actor_15/03-01-01-01-02-02-15.wav
neutral,dataset/audio_speech_actors_01-24/Actor_15/03-01-02-01-01-01-15.wav
neutral,dataset/audio_speech_actors_01-24/Actor_15/03-01-02-01-01-02-15.wav
neutral,dataset/audio_speech_actors_01-24/Actor_15/03-01-02-01-02-01-15.wav
neutral,dataset/audio_speech_actors_01-24/Actor_15/03-01-02-01-02-02-15.wav
neutral,dataset/audio_speech_actors_01-24/Actor_15/03-01-02-02-01-01-15.wav
neutral,dataset/audio_speech_actors_01-24/Actor_15/03-01-02-02-01-02-15.wav
neutral,dataset/audio_speech_actors_01-24/Actor_15/03-01-02-02-02-01-15.wav
neutral,dataset/audio_speech_actors_01-24/Actor_15/03-01-02-02-02-02-15.wav
happy,dataset/audio_speech_actors_01-24/Actor_15/03-01-03-01-01-01-15.wav
happy,dataset/audio_speech_actors_01-24/Actor_15/03-01-03-01-01-02-15.wav
happy,dataset/audio_speech_actors_01-24/Actor_15/03-01-03-01-02-01-15.wav
happy,dataset/audio_speech_actors_01-24/Actor_15/03-01-03-01-02-02-15.wav
happy,dataset/audio_speech_actors_01-24/Actor_15/03-01-03-02-01-01-15.wav
happy,dataset/audio_speech_actors_01-24/Actor_15/03-01-03-02-01-02-15.wav
happy,dataset/audio_speech_actors_01-24/Actor_15/03-01-03-02-02-01-15.wav
happy,dataset/audio_speech_actors_01-24/Actor_15/03-01-03-02-02-02-15.wav
sad,dataset/audio_speech_actors_01-24/Actor_15/03-01-04-01-01-01-15.wav
sad,dataset/audio_speech_actors_01-24/Actor_15/03-01-04-01-01-02-15.wav
sad,dataset/audio_speech_actors_01-24/Actor_15/03-01-04-01-02-01-15.wav
sad,dataset/audio_speech_actors_01-24/Actor_15/03-01-04-01-02-02-15.wav
sad,dataset/audio_speech_actors_01-24/Actor_15/03-01-04-02-01-01-15.wav
sad,dataset/audio_speech_actors_01-24/Actor_15/03-01-04-02-01-02-15.wav
sad,dataset/audio_speech_actors_01-24/Actor_15/03-01-04-02-02-01-15.wav
sad,dataset/audio_speech_actors_01-24/Actor_15/03-01-04-02-02-02-15.wav
angry,dataset/audio_speech_actors_01-24/Actor_15/03-01-05-01-01-01-15.wav
angry,dataset/audio_speech_actors_01-24/Actor_15/03-01-05-01-01-02-15.wav
angry,dataset/audio_speech_actors_01-24/Actor_15/03-01-05-01-02-01-15.wav
angry,dataset/audio_speech_actors_01-24/Actor_15/03-01-05-01-02-02-15.wav
angry,dataset/audio_speech_actors_01-24/Actor_15/03-01-05-02-01-01-15.wav
angry,dataset/audio_speech_actors_01-24/Actor_15/03-01-05-02-01-02-15.wav
angry,dataset/audio_speech_actors_01-24/Actor_15/03-01-05-02-02-01-15.wav
angry,dataset/audio_speech_actors_01-24/Actor_15/03-01-05-02-02-02-15.wav
surprise,dataset/audio_speech_actors_01-24/Actor_15/03-01-08-01-01-01-15.wav
surprise,dataset/audio_speech_actors_01-24/Actor_15/03-01-08-01-01-02-15.wav
surprise,dataset/audio_speech_actors_01-24/Actor_15/03-01-08-01-02-01-15.wav
surprise,dataset/audio_speech_actors_01-24/Actor_15/03-01-08-01-02-02-15.wav
surprise,dataset/audio_speech_actors_01-24/Actor_15/03-01-08-02-01-01-15.wav
surprise,dataset/audio_speech_actors_01-24/Actor_15/03-01-08-02-01-02-15.wav
surprise,dataset/audio_speech_actors_01-24/Actor_15/03-01-08-02-02-01-15.wav
surprise,dataset/audio_speech_actors_01-24/Actor_15/03-01-08-02-02-02-15.wav
neutral,dataset/audio_speech_actors_01-24/Actor_16/03-01-01-01-01-01-16.wav
neutral,dataset/audio_speech_actors_01-24/Actor_16/03-01-01-01-01-02-16.wav
neutral,dataset/audio_speech_actors_01-24/Actor_16/03-01-01-01-02-01-16.wav
neutral,dataset/audio_speech_actors_01-24/Actor_16/03-01-01-01-02-02-16.wav
neutral,dataset/audio_speech_actors_01-24/Actor_16/03-01-02-01-01-01-16.wav
neutral,dataset/audio_speech_actors_01-24/Actor_16/03-01-02-01-01-02-16.wav
neutral,dataset/audio_speech_actors_01-24/Actor_16/03-01-02-01-02-01-16.wav
neutral,dataset/audio_speech_actors_01-24/Actor_16/03-01-02-01-02-02-16.wav
neutral,dataset/audio_speech_actors_01-24/Actor_16/03-01-02-02-01-01-16.wav
neutral,dataset/audio_speech_actors_01-24/Actor_16/03-01-02-02-01-02-16.wav
neutral,dataset/audio_speech_actors_01-24/Actor_16/03-01-02-02-02-01-16.wav
neutral,dataset/audio_speech_actors_01-24/Actor_16/03-01-02-02-02-02-16.wav
happy,dataset/audio_speech_actors_01-24/Actor_16/03-01-03-01-01-01-16.wav
happy,dataset/audio_speech_actors_01-24/Actor_16/03-01-03-01-01-02-16.wav
happy,dataset/audio_speech_actors_01-24/Actor_16/03-01-03-01-02-01-16.wav
happy,dataset/audio_speech_actors_01-24/Actor_16/03-01-03-01-02-02-16.wav
happy,dataset/audio_speech_actors_01-24/Actor_16/03-01-03-02-01-01-16.wav
happy,dataset/audio_speech_actors_01-24/Actor_16/03-01-03-02-01-02-16.wav
happy,dataset/audio_speech_actors_01-24/Actor_16/03-01-03-02-02-01-16.wav
happy,dataset/audio_speech_actors_01-24/Actor_16/03-01-03-02-02-02-16.wav
sad,dataset/audio_speech_actors_01-24/Actor_16/03-01-04-01-01-01-16.wav
sad,dataset/audio_speech_actors_01-24/Actor_16/03-01-04-01-01-02-16.wav
sad,dataset/audio_speech_actors_01-24/Actor_16/03-01-04-01-02-01-16.wav
sad,dataset/audio_speech_actors_01-24/Actor_16/03-01-04-01-02-02-16.wav
sad,dataset/audio_speech_actors_01-24/Actor_16/03-01-04-02-01-01-16.wav
sad,dataset/audio_speech_actors_01-24/Actor_16/03-01-04-02-01-02-16.wav
sad,dataset/audio_speech_actors_01-24/Actor_16/03-01-04-02-02-01-16.wav
sad,dataset/audio_speech_actors_01-24/Actor_16/03-01-04-02-02-02-16.wav
angry,dataset/audio_speech_actors_01-24/Actor_16/03-01-05-01-01-01-16.wav
angry,dataset/audio_speech_actors_01-24/Actor_16/03-01-05-01-01-02-16.wav
angry,dataset/audio_speech_actors_01-24/Actor_16/03-01-05-01-02-01-16.wav
angry,dataset/audio_speech_actors_01-24/Actor_16/03-01-05-01-02-02-16.wav
angry,dataset/audio_speech_actors_01-24/Actor_16/03-01-05-02-01-01-16.wav
angry,dataset/audio_speech_actors_01-24/Actor_16/03-01-05-02-01-02-16.wav
angry,dataset/audio_speech_actors_01-24/Actor_16/03-01-05-02-02-01-16.wav
angry,dataset/audio_speech_actors_01-24/Actor_16/03-01-05-02-02-02-16.wav
surprise,dataset/audio_speech_actors_01-24/Actor_16/03-01-08-01-01-01-16.wav
surprise,dataset/audio_speech_actors_01-24/Actor_16/03-01-08-01-01-02-16.wav
surprise,dataset/audio_speech_actors_01-24/Actor_16/03-01-08-01-02-01-16.wav
surprise,dataset/audio_speech_actors_01-24/Actor_16/03-01-08-01-02-02-16.wav
surprise,dataset/audio_speech_actors_01-24/Actor_16/03-01-08-02-01-01-16.wav
surprise,dataset/audio_speech_actors_01-24/Actor_16/03-01-08-02-01-02-16.wav
surprise,dataset/audio_speech_actors_01-24/Actor_16/03-01-08-02-02-01-16.wav
surprise,dataset/audio_speech_actors_01-24/Actor_16/03-01-08-02-02-02-16.wav
neutral,dataset/audio_speech_actors_01-24/Actor_17/03-01-01-01-01-01-17.wav
neutral,dataset/audio_speech_actors_01-24/Actor_17/03-01-01-01-01-02-17.wav
neutral,dataset/audio_speech_actors_01-24/Actor_17/03-01-01-01-02-01-17.wav
neutral,dataset/audio_speech_actors_01-24/Actor_17/03-01-01-01-02-02-17.wav
neutral,dataset/audio_speech_actors_01-24/Actor_17/03-01-02-01-01-01-17.wav
neutral,dataset/audio_speech_actors_01-24/Actor_17/03-01-02-01-01-02-17.wav
neutral,dataset/audio_speech_actors_01-24/Actor_17/03-01-02-01-02-01-17.wav
neutral,dataset/audio_speech_actors_01-24/Actor_17/03-01-02-01-02-02-17.wav
neutral,dataset/audio_speech_actors_01-24/Actor_17/03-01-02-02-01-01-17.wav
neutral,dataset/audio_speech_actors_01-24/Actor_17/03-01-02-02-01-02-17.wav
neutral,dataset/audio_speech_actors_01-24/Actor_17/03-01-02-02-02-01-17.wav
neutral,dataset/audio_speech_actors_01-24/Actor_17/03-01-02-02-02-02-17.wav
happy,dataset/audio_speech_actors_01-24/Actor_17/03-01-03-01-01-01-17.wav
happy,dataset/audio_speech_actors_01-24/Actor_17/03-01-03-01-01-02-17.wav
happy,dataset/audio_speech_actors_01-24/Actor_17/03-01-03-01-02-01-17.wav
happy,dataset/audio_speech_actors_01-24/Actor_17/03-01-03-01-02-02-17.wav
happy,dataset/audio_speech_actors_01-24/Actor_17/03-01-03-02-01-01-17.wav
happy,dataset/audio_speech_actors_01-24/Actor_17/03-01-03-02-01-02-17.wav
happy,dataset/audio_speech_actors_01-24/Actor_17/03-01-03-02-02-01-17.wav
happy,dataset/audio_speech_actors_01-24/Actor_17/03-01-03-02-02-02-17.wav
sad,dataset/audio_speech_actors_01-24/Actor_17/03-01-04-01-01-01-17.wav
sad,dataset/audio_speech_actors_01-24/Actor_17/03-01-04-01-01-02-17.wav
sad,dataset/audio_speech_actors_01-24/Actor_17/03-01-04-01-02-01-17.wav
sad,dataset/audio_speech_actors_01-24/Actor_17/03-01-04-01-02-02-17.wav
sad,dataset/audio_speech_actors_01-24/Actor_17/03-01-04-02-01-01-17.wav
sad,dataset/audio_speech_actors_01-24/Actor_17/03-01-04-02-01-02-17.wav
sad,dataset/audio_speech_actors_01-24/Actor_17/03-01-04-02-02-01-17.wav
sad,dataset/audio_speech_actors_01-24/Actor_17/03-01-04-02-02-02-17.wav
angry,dataset/audio_speech_actors_01-24/Actor_17/03-01-05-01-01-01-17.wav
angry,dataset/audio_speech_actors_01-24/Actor_17/03-01-05-01-01-02-17.wav
angry,dataset/audio_speech_actors_01-24/Actor_17/03-01-05-01-02-01-17.wav
angry,dataset/audio_speech_actors_01-24/Actor_17/03-01-05-01-02-02-17.wav
angry,dataset/audio_speech_actors_01-24/Actor_17/03-01-05-02-01-01-17.wav
angry,dataset/audio_speech_actors_01-24/Actor_17/03-01-05-02-01-02-17.wav
angry,dataset/audio_speech_actors_01-24/Actor_17/03-01-05-02-02-01-17.wav
angry,dataset/audio_speech_actors_01-24/Actor_17/03-01-05-02-02-02-17.wav
surprise,dataset/audio_speech_actors_01-24/Actor_17/03-01-08-01-01-01-17.wav
surprise,dataset/audio_speech_actors_01-24/Actor_17/03-01-08-01-01-02-17.wav
surprise,dataset/audio_speech_actors_01-24/Actor_17/03-01-08-01-02-01-17.wav
surprise,dataset/audio_speech_actors_01-24/Actor_17/03-01-08-01-02-02-17.wav
surprise,dataset/audio_speech_actors_01-24/Actor_17/03-01-08-02-01-01-17.wav
surprise,dataset/audio_speech_actors_01-24/Actor_17/03-01-08-02-01-02-17.wav
surprise,dataset/audio_speech_actors_01-24/Actor_17/03-01-08-02-02-01-17.wav
surprise,dataset/audio_speech_actors_01-24/Actor_17/03-01-08-02-02-02-17.wav
neutral,dataset/audio_speech_actors_01-24/Actor_18/03-01-01-01-01-01-18.wav
neutral,dataset/audio_speech_actors_01-24/Actor_18/03-01-01-01-01-02-18.wav
neutral,dataset/audio_speech_actors_01-24/Actor_18/03-01-01-01-02-01-18.wav
neutral,dataset/audio_speech_actors_01-24/Actor_18/03-01-01-01-02-02-18.wav
neutral,dataset/audio_speech_actors_01-24/Actor_18/03-01-02-01-01-01-18.wav
neutral,dataset/audio_speech_actors_01-24/Actor_18/03-01-02-01-01-02-18.wav
neutral,dataset/audio_speech_actors_01-24/Actor_18/03-01-02-01-02-01-18.wav
neutral,dataset/audio_speech_actors_01-24/Actor_18/03-01-02-01-02-02-18.wav
neutral,dataset/audio_speech_actors_01-24/Actor_18/03-01-02-02-01-01-18.wav
neutral,dataset/audio_speech_actors_01-24/Actor_18/03-01-02-02-01-02-18.wav
neutral,dataset/audio_speech_actors_01-24/Actor_18/03-01-02-02-02-01-18.wav
neutral,dataset/audio_speech_actors_01-24/Actor_18/03-01-02-02-02-02-18.wav
happy,dataset/audio_speech_actors_01-24/Actor_18/03-01-03-01-01-01-18.wav
happy,dataset/audio_speech_actors_01-24/Actor_18/03-01-03-01-01-02-18.wav
happy,dataset/audio_speech_actors_01-24/Actor_18/03-01-03-01-02-01-18.wav
happy,dataset/audio_speech_actors_01-24/Actor_18/03-01-03-01-02-02-18.wav
happy,dataset/audio_speech_actors_01-24/Actor_18/03-01-03-02-01-01-18.wav
happy,dataset/audio_speech_actors_01-24/Actor_18/03-01-03-02-01-02-18.wav
happy,dataset/audio_speech_actors_01-24/Actor_18/03-01-03-02-02-01-18.wav
happy,dataset/audio_speech_actors_01-24/Actor_18/03-01-03-02-02-02-18.wav
sad,dataset/audio_speech_actors_01-24/Actor_18/03-01-04-01-01-01-18.wav
sad,dataset/audio_speech_actors_01-24/Actor_18/03-01-04-01-01-02-18.wav
sad,dataset/audio_speech_actors_01-24/Actor_18/03-01-04-01-02-01-18.wav
sad,dataset/audio_speech_actors_01-24/Actor_18/03-01-04-01-02-02-18.wav
sad,dataset/audio_speech_actors_01-24/Actor_18/03-01-04-02-01-01-18.wav
sad,dataset/audio_speech_actors_01-24/Actor_18/03-01-04-02-01-02-18.wav
sad,dataset/audio_speech_actors_01-24/Actor_18/03-01-04-02-02-01-18.wav
sad,dataset/audio_speech_actors_01-24/Actor_18/03-01-04-02-02-02-18.wav
angry,dataset/audio_speech_actors_01-24/Actor_18/03-01-05-01-01-01-18.wav
angry,dataset/audio_speech_actors_01-24/Actor_18/03-01-05-01-01-02-18.wav
angry,dataset/audio_speech_actors_01-24/Actor_18/03-01-05-01-02-01-18.wav
angry,dataset/audio_speech_actors_01-24/Actor_18/03-01-05-01-02-02-18.wav
angry,dataset/audio_speech_actors_01-24/Actor_18/03-01-05-02-01-01-18.wav
angry,dataset/audio_speech_actors_01-24/Actor_18/03-01-05-02-01-02-18.wav
angry,dataset/audio_speech_actors_01-24/Actor_18/03-01-05-02-02-01-18.wav
angry,dataset/audio_speech_actors_01-24/Actor_18/03-01-05-02-02-02-18.wav
surprise,dataset/audio_speech_actors_01-24/Actor_18/03-01-08-01-01-01-18.wav
surprise,dataset/audio_speech_actors_01-24/Actor_18/03-01-08-01-01-02-18.wav
surprise,dataset/audio_speech_actors_01-24/Actor_18/03-01-08-01-02-01-18.wav
surprise,dataset/audio_speech_actors_01-24/Actor_18/03-01-08-01-02-02-18.wav
surprise,dataset/audio_speech_actors_01-24/Actor_18/03-01-08-02-01-01-18.wav
surprise,dataset/audio_speech_actors_01-24/Actor_18/03-01-08-02-01-02-18.wav
surprise,dataset/audio_speech_actors_01-24/Actor_18/03-01-08-02-02-01-18.wav
surprise,dataset/audio_speech_actors_01-24/Actor_18/03-01-08-02-02-02-18.wav
neutral,dataset/audio_speech_actors_01-24/Actor_19/03-01-01-01-01-01-19.wav
neutral,dataset/audio_speech_actors_01-24/Actor_19/03-01-01-01-01-02-19.wav
neutral,dataset/audio_speech_actors_01-24/Actor_19/03-01-01-01-02-01-19.wav
neutral,dataset/audio_speech_actors_01-24/Actor_19/03-01-01-01-02-02-19.wav
neutral,dataset/audio_speech_actors_01-24/Actor_19/03-01-02-01-01-01-19.wav
neutral,dataset/audio_speech_actors_01-24/Actor_19/03-01-02-01-01-02-19.wav
neutral,dataset/audio_speech_actors_01-24/Actor_19/03-01-02-01-02-01-19.wav
neutral,dataset/audio_speech_actors_01-24/Actor_19/03-01-02-01-02-02-19.wav
neutral,dataset/audio_speech_actors_01-24/Actor_19/03-01-02-02-01-01-19.wav
neutral,dataset/audio_speech_actors_01-24/Actor_19/03-01-02-02-01-02-19.wav
neutral,dataset/audio_speech_actors_01-24/Actor_19/03-01-02-02-02-01-19.wav
neutral,dataset/audio_speech_actors_01-24/Actor_19/03-01-02-02-02-02-19.wav
happy,dataset/audio_speech_actors_01-24/Actor_19/03-01-03-01-01-01-19.wav
happy,dataset/audio_speech_actors_01-24/Actor_19/03-01-03-01-01-02-19.wav
happy,dataset/audio_speech_actors_01-24/Actor_19/03-01-03-01-02-01-19.wav
happy,dataset/audio_speech_actors_01-24/Actor_19/03-01-03-01-02-02-19.wav
happy,dataset/audio_speech_actors_01-24/Actor_19/03-01-03-02-01-01-19.wav
happy,dataset/audio_speech_actors_01-24/Actor_19/03-01-03-02-01-02-19.wav
happy,dataset/audio_speech_actors_01-24/Actor_19/03-01-03-02-02-01-19.wav
happy,dataset/audio_speech_actors_01-24/Actor_19/03-01-03-02-02-02-19.wav
sad,dataset/audio_speech_actors_01-24/Actor_19/03-01-04-01-01-01-19.wav
sad,dataset/audio_speech_actors_01-24/Actor_19/03-01-04-01-01-02-19.wav
sad,dataset/audio_speech_actors_01-24/Actor_19/03-01-04-01-02-01-19.wav
sad,dataset/audio_speech_actors_01-24/Actor_19/03-01-04-01-02-02-19.wav
sad,dataset/audio_speech_actors_01-24/Actor_19/03-01-04-02-01-01-19.wav
sad,dataset/audio_speech_actors_01-24/Actor_19/03-01-04-02-01-02-19.wav
sad,dataset/audio_speech_actors_01-24/Actor_19/03-01-04-02-02-01-19.wav
sad,dataset/audio_speech_actors_01-24/Actor_19/03-01-04-02-02-02-19.wav
angry,dataset/audio_speech_actors_01-24/Actor_19/03-01-05-01-01-01-19.wav
angry,dataset/audio_speech_actors_01-24/Actor_19/03-01-05-01-01-02-19.wav
angry,dataset/audio_speech_actors_01-24/Actor_19/03-01-05-01-02-01-19.wav
angry,dataset/audio_speech_actors_01-24/Actor_19/03-01-05-01-02-02-19.wav
angry,dataset/audio_speech_actors_01-24/Actor_19/03-01-05-02-01-01-19.wav
angry,dataset/audio_speech_actors_01-24/Actor_19/03-01-05-02-01-02-19.wav
angry,dataset/audio_speech_actors_01-24/Actor_19/03-01-05-02-02-01-19.wav
angry,dataset/audio_speech_actors_01-24/Actor_19/03-01-05-02-02-02-19.wav
surprise,dataset/audio_speech_actors_01-24/Actor_19/03-01-08-01-01-01-19.wav
surprise,dataset/audio_speech_actors_01-24/Actor_19/03-01-08-01-01-02-19.wav
surprise,dataset/audio_speech_actors_01-24/Actor_19/03-01-08-01-02-01-19.wav
surprise,dataset/audio_speech_actors_01-24/Actor_19/03-01-08-01-02-02-19.wav
surprise,dataset/audio_speech_actors_01-24/Actor_19/03-01-08-02-01-01-19.wav
surprise,dataset/audio_speech_actors_01-24/Actor_19/03-01-08-02-01-02-19.wav
surprise,dataset/audio_speech_actors_01-24/Actor_19/03-01-08-02-02-01-19.wav
surprise,dataset/audio_speech_actors_01-24/Actor_19/03-01-08-02-02-02-19.wav
neutral,dataset/audio_speech_actors_01-24/Actor_20/03-01-01-01-01-01-20.wav
neutral,dataset/audio_speech_actors_01-24/Actor_20/03-01-01-01-01-02-20.wav
neutral,dataset/audio_speech_actors_01-24/Actor_20/03-01-01-01-02-01-20.wav
neutral,dataset/audio_speech_actors_01-24/Actor_20/03-01-01-01-02-02-20.wav
neutral,dataset/audio_speech_actors_01-24/Actor_20/03-01-02-01-01-01-20.wav
neutral,dataset/audio_speech_actors_01-24/Actor_20/03-01-02-01-01-02-20.wav
neutral,dataset/audio_speech_actors_01-24/Actor_20/03-01-02-01-02-01-20.wav
neutral,dataset/audio_speech_actors_01-24/Actor_20/03-01-02-01-02-02-20.wav
neutral,dataset/audio_speech_actors_01-24/Actor_20/03-01-02-02-01-01-20.wav
neutral,dataset/audio_speech_actors_01-24/Actor_20/03-01-02-02-01-02-20.wav
neutral,dataset/audio_speech_actors_01-24/Actor_20/03-01-02-02-02-01-20.wav
neutral,dataset/audio_speech_actors_01-24/Actor_20/03-01-02-02-02-02-20.wav
happy,dataset/audio_speech_actors_01-24/Actor_20/03-01-03-01-01-01-20.wav
happy,dataset/audio_speech_actors_01-24/Actor_20/03-01-03-01-01-02-20.wav
happy,dataset/audio_speech_actors_01-24/Actor_20/03-01-03-01-02-01-20.wav
happy,dataset/audio_speech_actors_01-24/Actor_20/03-01-03-01-02-02-20.wav
happy,dataset/audio_speech_actors_01-24/Actor_20/03-01-03-02-01-01-20.wav
happy,dataset/audio_speech_actors_01-24/Actor_20/03-01-03-02-01-02-20.wav
happy,dataset/audio_speech_actors_01-24/Actor_20/03-01-03-02-02-01-20.wav
happy,dataset/audio_speech_actors_01-24/Actor_20/03-01-03-02-02-02-20.wav
sad,dataset/audio_speech_actors_01-24/Actor_20/03-01-04-01-01-01-20.wav
sad,dataset/audio_speech_actors_01-24/Actor_20/03-01-04-01-01-02-20.wav
sad,dataset/audio_speech_actors_01-24/Actor_20/03-01-04-01-02-01-20.wav
sad,dataset/audio_speech_actors_01-24/Actor_20/03-01-04-01-02-02-20.wav
sad,dataset/audio_speech_actors_01-24/Actor_20/03-01-04-02-01-01-20.wav
sad,dataset/audio_speech_actors_01-24/Actor_20/03-01-04-02-01-02-20.wav
sad,dataset/audio_speech_actors_01-24/Actor_20/03-01-04-02-02-01-20.wav
sad,dataset/audio_speech_actors_01-24/Actor_20/03-01-04-02-02-02-20.wav
angry,dataset/audio_speech_actors_01-24/Actor_20/03-01-05-01-01-01-20.wav
angry,dataset/audio_speech_actors_01-24/Actor_20/03-01-05-01-01-02-20.wav
angry,dataset/audio_speech_actors_01-24/Actor_20/03-01-05-01-02-01-20.wav
angry,dataset/audio_speech_actors_01-24/Actor_20/03-01-05-01-02-02-20.wav
angry,dataset/audio_speech_actors_01-24/Actor_20/03-01-05-02-01-01-20.wav
angry,dataset/audio_speech_actors_01-24/Actor_20/03-01-05-02-01-02-20.wav
angry,dataset/audio_speech_actors_01-24/Actor_20/03-01-05-02-02-01-20.wav
angry,dataset/audio_speech_actors_01-24/Actor_20/03-01-05-02-02-02-20.wav
surprise,dataset/audio_speech_actors_01-24/Actor_20/03-01-08-01-01-01-20.wav
surprise,dataset/audio_speech_actors_01-24/Actor_20/03-01-08-01-01-02-20.wav
surprise,dataset/audio_speech_actors_01-24/Actor_20/03-01-08-01-02-01-20.wav
surprise,dataset/audio_speech_actors_01-24/Actor_20/03-01-08-01-02-02-20.wav
surprise,dataset/audio_speech_actors_01-24/Actor_20/03-01-08-02-01-01-20.wav
surprise,dataset/audio_speech_actors_01-24/Actor_20/03-01-08-02-01-02-20.wav
surprise,dataset/audio_speech_actors_01-24/Actor_20/03-01-08-02-02-01-20.wav
surprise,dataset/audio_speech_actors_01-24/Actor_20/03-01-08-02-02-02-20.wav
neutral,dataset/audio_speech_actors_01-24/Actor_21/03-01-01-01-01-01-21.wav
neutral,dataset/audio_speech_actors_01-24/Actor_21/03-01-01-01-01-02-21.wav
neutral,dataset/audio_speech_actors_01-24/Actor_21/03-01-01-01-02-01-21.wav
neutral,dataset/audio_speech_actors_01-24/Actor_21/03-01-01-01-02-02-21.wav
neutral,dataset/audio_speech_actors_01-24/Actor_21/03-01-02-01-01-01-21.wav
neutral,dataset/audio_speech_actors_01-24/Actor_21/03-01-02-01-01-02-21.wav
neutral,dataset/audio_speech_actors_01-24/Actor_21/03-01-02-01-02-01-21.wav
neutral,dataset/audio_speech_actors_01-24/Actor_21/03-01-02-01-02-02-21.wav
neutral,dataset/audio_speech_actors_01-24/Actor_21/03-01-02-02-01-01-21.wav
neutral,dataset/audio_speech_actors_01-24/Actor_21/03-01-02-02-01-02-21.wav
neutral,dataset/audio_speech_actors_01-24/Actor_21/03-01-02-02-02-01-21.wav
neutral,dataset/audio_speech_actors_01-24/Actor_21/03-01-02-02-02-02-21.wav
happy,dataset/audio_speech_actors_01-24/Actor_21/03-01-03-01-01-01-21.wav
happy,dataset/audio_speech_actors_01-24/Actor_21/03-01-03-01-01-02-21.wav
happy,dataset/audio_speech_actors_01-24/Actor_21/03-01-03-01-02-01-21.wav
happy,dataset/audio_speech_actors_01-24/Actor_21/03-01-03-01-02-02-21.wav
happy,dataset/audio_speech_actors_01-24/Actor_21/03-01-03-02-01-01-21.wav
happy,dataset/audio_speech_actors_01-24/Actor_21/03-01-03-02-01-02-21.wav
happy,dataset/audio_speech_actors_01-24/Actor_21/03-01-03-02-02-01-21.wav
happy,dataset/audio_speech_actors_01-24/Actor_21/03-01-03-02-02-02-21.wav
sad,dataset/audio_speech_actors_01-24/Actor_21/03-01-04-01-01-01-21.wav
sad,dataset/audio_speech_actors_01-24/Actor_21/03-01-04-01-01-02-21.wav
sad,dataset/audio_speech_actors_01-24/Actor_21/03-01-04-01-02-01-21.wav
sad,dataset/audio_speech_actors_01-24/Actor_21/03-01-04-01-02-02-21.wav
sad,dataset/audio_speech_actors_01-24/Actor_21/03-01-04-02-01-01-21.wav
sad,dataset/audio_speech_actors_01-24/Actor_21/03-01-04-02-01-02-21.wav
sad,dataset/audio_speech_actors_01-24/Actor_21/03-01-04-02-02-01-21.wav
sad,dataset/audio_speech_actors_01-24/Actor_21/03-01-04-02-02-02-21.wav
angry,dataset/audio_speech_actors_01-24/Actor_21/03-01-05-01-01-01-21.wav
angry,dataset/audio_speech_actors_01-24/Actor_21/03-01-05-01-01-02-21.wav
angry,dataset/audio_speech_actors_01-24/Actor_21/03-01-05-01-02-01-21.wav
angry,dataset/audio_speech_actors_01-24/Actor_21/03-01-05-01-02-02-21.wav
angry,dataset/audio_speech_actors_01-24/Actor_21/03-01-05-02-01-01-21.wav
angry,dataset/audio_speech_actors_01-24/Actor_21/03-01-05-02-01-02-21.wav
angry,dataset/audio_speech_actors_01-24/Actor_21/03-01-05-02-02-01-21.wav
angry,dataset/audio_speech_actors_01-24/Actor_21/03-01-05-02-02-02-21.wav
surprise,dataset/audio_speech_actors_01-24/Actor_21/03-01-08-01-01-01-21.wav
surprise,dataset/audio_speech_actors_01-24/Actor_21/03-01-08-01-01-02-21.wav
surprise,dataset/audio_speech_actors_01-24/Actor_21/03-01-08-01-02-01-21.wav
surprise,dataset/audio_speech_actors_01-24/Actor_21/03-01-08-01-02-02-21.wav
surprise,dataset/audio_speech_actors_01-24/Actor_21/03-01-08-02-01-01-21.wav
surprise,dataset/audio_speech_actors_01-24/Actor_21/03-01-08-02-01-02-21.wav
surprise,dataset/audio_speech_actors_01-24/Actor_21/03-01-08-02-02-01-21.wav
surprise,dataset/audio_speech_actors_01-24/Actor_21/03-01-08-02-02-02-21.wav
neutral,dataset/audio_speech_actors_01-24/Actor_22/03-01-01-01-01-01-22.wav
neutral,dataset/audio_speech_actors_01-24/Actor_22/03-01-01-01-01-02-22.wav
neutral,dataset/audio_speech_actors_01-24/Actor_22/03-01-01-01-02-01-22.wav
neutral,dataset/audio_speech_actors_01-24/Actor_22/03-01-01-01-02-02-22.wav
neutral,dataset/audio_speech_actors_01-24/Actor_22/03-01-02-01-01-01-22.wav
neutral,dataset/audio_speech_actors_01-24/Actor_22/03-01-02-01-01-02-22.wav
neutral,dataset/audio_speech_actors_01-24/Actor_22/03-01-02-01-02-01-22.wav
neutral,dataset/audio_speech_actors_01-24/Actor_22/03-01-02-01-02-02-22.wav
neutral,dataset/audio_speech_actors_01-24/Actor_22/03-01-02-02-01-01-22.wav
neutral,dataset/audio_speech_actors_01-24/Actor_22/03-01-02-02-01-02-22.wav
neutral,dataset/audio_speech_actors_01-24/Actor_22/03-01-02-02-02-01-22.wav
neutral,dataset/audio_speech_actors_01-24/Actor_22/03-01-02-02-02-02-22.wav
happy,dataset/audio_speech_actors_01-24/Actor_22/03-01-03-01-01-01-22.wav
happy,dataset/audio_speech_actors_01-24/Actor_22/03-01-03-01-01-02-22.wav
happy,dataset/audio_speech_actors_01-24/Actor_22/03-01-03-01-02-01-22.wav
happy,dataset/audio_speech_actors_01-24/Actor_22/03-01-03-01-02-02-22.wav
happy,dataset/audio_speech_actors_01-24/Actor_22/03-01-03-02-01-01-22.wav
happy,dataset/audio_speech_actors_01-24/Actor_22/03-01-03-02-01-02-22.wav
happy,dataset/audio_speech_actors_01-24/Actor_22/03-01-03-02-02-01-22.wav
happy,dataset/audio_speech_actors_01-24/Actor_22/03-01-03-02-02-02-22.wav
sad,dataset/audio_speech_actors_01-24/Actor_22/03-01-04-01-01-01-22.wav
sad,dataset/audio_speech_actors_01-24/Actor_22/03-01-04-01-01-02-22.wav
sad,dataset/audio_speech_actors_01-24/Actor_22/03-01-04-01-02-01-22.wav
sad,dataset/audio_speech_actors_01-24/Actor_22/03-01-04-01-02-02-22.wav
sad,dataset/audio_speech_actors_01-24/Actor_22/03-01-04-02-01-01-22.wav
sad,dataset/audio_speech_actors_01-24/Actor_22/03-01-04-02-01-02-22.wav
sad,dataset/audio_speech_actors_01-24/Actor_22/03-01-04-02-02-01-22.wav
sad,dataset/audio_speech_actors_01-24/Actor_22/03-01-04-02-02-02-22.wav
angry,dataset/audio_speech_actors_01-24/Actor_22/03-01-05-01-01-01-22.wav
angry,dataset/audio_speech_actors_01-24/Actor_22/03-01-05-01-01-02-22.wav
angry,dataset/audio_speech_actors_01-24/Actor_22/03-01-05-01-02-01-22.wav
angry,dataset/audio_speech_actors_01-24/Actor_22/03-01-05-01-02-02-22.wav
angry,dataset/audio_speech_actors_01-24/Actor_22/03-01-05-02-01-01-22.wav
angry,dataset/audio_speech_actors_01-24/Actor_22/03-01-05-02-01-02-22.wav
angry,dataset/audio_speech_actors_01-24/Actor_22/03-01-05-02-02-01-22.wav
angry,dataset/audio_speech_actors_01-24/Actor_22/03-01-05-02-02-02-22.wav
surprise,dataset/audio_speech_actors_01-24/Actor_22/03-01-08-01-01-01-22.wav
surprise,dataset/audio_speech_actors_01-24/Actor_22/03-01-08-01-01-02-22.wav
surprise,dataset/audio_speech_actors_01-24/Actor_22/03-01-08-01-02-01-22.wav
surprise,dataset/audio_speech_actors_01-24/Actor_22/03-01-08-01-02-02-22.wav
surprise,dataset/audio_speech_actors_01-24/Actor_22/03-01-08-02-01-01-22.wav
surprise,dataset/audio_speech_actors_01-24/Actor_22/03-01-08-02-01-02-22.wav
surprise,dataset/audio_speech_actors_01-24/Actor_22/03-01-08-02-02-01-22.wav
surprise,dataset/audio_speech_actors_01-24/Actor_22/03-01-08-02-02-02-22.wav
neutral,dataset/audio_speech_actors_01-24/Actor_23/03-01-01-01-01-01-23.wav
neutral,dataset/audio_speech_actors_01-24/Actor_23/03-01-01-01-01-02-23.wav
neutral,dataset/audio_speech_actors_01-24/Actor_23/03-01-01-01-02-01-23.wav
neutral,dataset/audio_speech_actors_01-24/Actor_23/03-01-01-01-02-02-23.wav
neutral,dataset/audio_speech_actors_01-24/Actor_23/03-01-02-01-01-01-23.wav
neutral,dataset/audio_speech_actors_01-24/Actor_23/03-01-02-01-01-02-23.wav
neutral,dataset/audio_speech_actors_01-24/Actor_23/03-01-02-01-02-01-23.wav
neutral,dataset/audio_speech_actors_01-24/Actor_23/03-01-02-01-02-02-23.wav
neutral,dataset/audio_speech_actors_01-24/Actor_23/03-01-02-02-01-01-23.wav
neutral,dataset/audio_speech_actors_01-24/Actor_23/03-01-02-02-01-02-23.wav
neutral,dataset/audio_speech_actors_01-24/Actor_23/03-01-02-02-02-01-23.wav
neutral,dataset/audio_speech_actors_01-24/Actor_23/03-01-02-02-02-02-23.wav
happy,dataset/audio_speech_actors_01-24/Actor_23/03-01-03-01-01-01-23.wav
happy,dataset/audio_speech_actors_01-24/Actor_23/03-01-03-01-01-02-23.wav
happy,dataset/audio_speech_actors_01-24/Actor_23/03-01-03-01-02-01-23.wav
happy,dataset/audio_speech_actors_01-24/Actor_23/03-01-03-01-02-02-23.wav
happy,dataset/audio_speech_actors_01-24/Actor_23/03-01-03-02-01-01-23.wav
happy,dataset/audio_speech_actors_01-24/Actor_23/03-01-03-02-01-02-23.wav
happy,dataset/audio_speech_actors_01-24/Actor_23/03-01-03-02-02-01-23.wav
happy,dataset/audio_speech_actors_01-24/Actor_23/03-01-03-02-02-02-23.wav
sad,dataset/audio_speech_actors_01-24/Actor_23/03-01-04-01-01-01-23.wav
sad,dataset/audio_speech_actors_01-24/Actor_23/03-01-04-01-01-02-23.wav
sad,dataset/audio_speech_actors_01-24/Actor_23/03-01-04-01-02-01-23.wav
sad,dataset/audio_speech_actors_01-24/Actor_23/03-01-04-01-02-02-23.wav
sad,dataset/audio_speech_actors_01-24/Actor_23/03-01-04-02-01-01-23.wav
sad,dataset/audio_speech_actors_01-24/Actor_23/03-01-04-02-01-02-23.wav
sad,dataset/audio_speech_actors_01-24/Actor_23/03-01-04-02-02-01-23.wav
sad,dataset/audio_speech_actors_01-24/Actor_23/03-01-04-02-02-02-23.wav
angry,dataset/audio_speech_actors_01-24/Actor_23/03-01-05-01-01-01-23.wav
angry,dataset/audio_speech_actors_01-24/Actor_23/03-01-05-01-01-02-23.wav
angry,dataset/audio_speech_actors_01-24/Actor_23/03-01-05-01-02-01-23.wav
angry,dataset/audio_speech_actors_01-24/Actor_23/03-01-05-01-02-02-23.wav
angry,dataset/audio_speech_actors_01-24/Actor_23/03-01-05-02-01-01-23.wav
angry,dataset/audio_speech_actors_01-24/Actor_23/03-01-05-02-01-02-23.wav
angry,dataset/audio_speech_actors_01-24/Actor_23/03-01-05-02-02-01-23.wav
angry,dataset/audio_speech_actors_01-24/Actor_23/03-01-05-02-02-02-23.wav
surprise,dataset/audio_speech_actors_01-24/Actor_23/03-01-08-01-01-01-23.wav
surprise,dataset/audio_speech_actors_01-24/Actor_23/03-01-08-01-01-02-23.wav
surprise,dataset/audio_speech_actors_01-24/Actor_23/03-01-08-01-02-01-23.wav
surprise,dataset/audio_speech_actors_01-24/Actor_23/03-01-08-01-02-02-23.wav
surprise,dataset/audio_speech_actors_01-24/Actor_23/03-01-08-02-01-01-23.wav
surprise,dataset/audio_speech_actors_01-24/Actor_23/03-01-08-02-01-02-23.wav
surprise,dataset/audio_speech_actors_01-24/Actor_23/03-01-08-02-02-01-23.wav
surprise,dataset/audio_speech_actors_01-24/Actor_23/03-01-08-02-02-02-23.wav
neutral,dataset/audio_speech_actors_01-24/Actor_24/03-01-01-01-01-01-24.wav
neutral,dataset/audio_speech_actors_01-24/Actor_24/03-01-01-01-01-02-24.wav
neutral,dataset/audio_speech_actors_01-24/Actor_24/03-01-01-01-02-01-24.wav
neutral,dataset/audio_speech_actors_01-24/Actor_24/03-01-01-01-02-02-24.wav
neutral,dataset/audio_speech_actors_01-24/Actor_24/03-01-02-01-01-01-24.wav
neutral,dataset/audio_speech_actors_01-24/Actor_24/03-01-02-01-01-02-24.wav
neutral,dataset/audio_speech_actors_01-24/Actor_24/03-01-02-01-02-01-24.wav
neutral,dataset/audio_speech_actors_01-24/Actor_24/03-01-02-01-02-02-24.wav
neutral,dataset/audio_speech_actors_01-24/Actor_24/03-01-02-02-01-01-24.wav
neutral,dataset/audio_speech_actors_01-24/Actor_24/03-01-02-02-01-02-24.wav
neutral,dataset/audio_speech_actors_01-24/Actor_24/03-01-02-02-02-01-24.wav
neutral,dataset/audio_speech_actors_01-24/Actor_24/03-01-02-02-02-02-24.wav
happy,dataset/audio_speech_actors_01-24/Actor_24/03-01-03-01-01-01-24.wav
happy,dataset/audio_speech_actors_01-24/Actor_24/03-01-03-01-01-02-24.wav
happy,dataset/audio_speech_actors_01-24/Actor_24/03-01-03-01-02-01-24.wav
happy,dataset/audio_speech_actors_01-24/Actor_24/03-01-03-01-02-02-24.wav
happy,dataset/audio_speech_actors_01-24/Actor_24/03-01-03-02-01-01-24.wav
happy,dataset/audio_speech_actors_01-24/Actor_24/03-01-03-02-01-02-24.wav
happy,dataset/audio_speech_actors_01-24/Actor_24/03-01-03-02-02-01-24.wav
happy,dataset/audio_speech_actors_01-24/Actor_24/03-01-03-02-02-02-24.wav
sad,dataset/audio_speech_actors_01-24/Actor_24/03-01-04-01-01-01-24.wav
sad,dataset/audio_speech_actors_01-24/Actor_24/03-01-04-01-01-02-24.wav
sad,dataset/audio_speech_actors_01-24/Actor_24/03-01-04-01-02-01-24.wav
sad,dataset/audio_speech_actors_01-24/Actor_24/03-01-04-01-02-02-24.wav
sad,dataset/audio_speech_actors_01-24/Actor_24/03-01-04-02-01-01-24.wav
sad,dataset/audio_speech_actors_01-24/Actor_24/03-01-04-02-01-02-24.wav
sad,dataset/audio_speech_actors_01-24/Actor_24/03-01-04-02-02-01-24.wav
sad,dataset/audio_speech_actors_01-24/Actor_24/03-01-04-02-02-02-24.wav
angry,dataset/audio_speech_actors_01-24/Actor_24/03-01-05-01-01-01-24.wav
angry,dataset/audio_speech_actors_01-24/Actor_24/03-01-05-01-01-02-24.wav
angry,dataset/audio_speech_actors_01-24/Actor_24/03-01-05-01-02-01-24.wav
angry,dataset/audio_speech_actors_01-24/Actor_24/03-01-05-01-02-02-24.wav
angry,dataset/audio_speech_actors_01-24/Actor_24/03-01-05-02-01-01-24.wav
angry,dataset/audio_speech_actors_01-24/Actor_24/03-01-05-02-01-02-24.wav
angry,dataset/audio_speech_actors_01-24/Actor_24/03-01-05-02-02-01-24.wav
angry,dataset/audio_speech_actors_01-24/Actor_24/03-01-05-02-02-02-24.wav
surprise,dataset/audio_speech_actors_01-24/Actor_24/03-01-08-01-01-01-24.wav
surprise,dataset/audio_speech_actors_01-24/Actor_24/03-01-08-01-01-02-24.wav
surprise,dataset/audio_speech_actors_01-24/Actor_24/03-01-08-01-02-01-24.wav
surprise,dataset/audio_speech_actors_01-24/Actor_24/03-01-08-01-02-02-24.wav
surprise,dataset/audio_speech_actors_01-24/Actor_24/03-01-08-02-01-01-24.wav
surprise,dataset/audio_speech_actors_01-24/Actor_24/03-01-08-02-01-02-24.wav
surprise,dataset/audio_speech_actors_01-24/Actor_24/03-01-08-02-02-01-24.wav
surprise,dataset/audio_speech_actors_01-24/Actor_24/03-01-08-02-02-02-24.wav
